System Log,Charge MOS Status,Discharge MOS Status,Balance Status,Heating Status,Max Cell Voltage No,Min Cell Voltage No,Max Cell Voltage,Min Cell Voltage,Battery Voltage,Battery Current,SOC Cap. Remain,SOC Full Charge Cap.,Max Temp,Min Temp,Temp MOS,Heat Current,timestamp
Time calibration,CHG ON,DSG ON,BALANCE ON,HEAT OFF,7,4,3.3,3.3,26.6,10.2,317.5,630.0,22,21,24,0.0,2026-03-12 13:29:53
Time calibration,CHG ON,DSG ON,BALANCE ON,HEAT OFF,7,6,3.3,3.3,26.7,15.3,323.3,630.0,23,22,25,0.0,2026-03-12 14:04:56
Time calibration,CHG ON,DSG ON,BALANCE OFF,HEAT OFF,1,0,3.3,3.3,26.5,-1.0,335.3,630.0,22,21,24,0.0,2026-03-12 16:59:54
Time calibration,CHG ON,DSG ON,BALANCE ON,HEAT OFF,1,7,3.3,3.3,26.3,-1.5,325.0,630.0,19,19,23,0.0,2026-03-12 21:35:20
Time calibration,CHG ON,DSG ON,BALANCE OFF,HEAT OFF,4,7,3.3,3.3,26.3,-1.4,324.7,630.0,19,19,23,0.0,2026-03-12 21:46:36
Time calibration,CHG ON,DSG ON,BALANCE ON,HEAT OFF,4,7,3.3,3.3,26.3,-1.8,323.3,630.0,19,19,24,0.0,2026-03-12 22:23:51
Time calibration,CHG ON,DSG ON,BALANCE ON,HEAT OFF,0,7,3.3,3.3,26.3,-2.0,323.1,630.0,19,19,24,0.0,2026-03-12 22:29:45
Time calibration,CHG ON,DSG ON,BALANCE ON,HEAT OFF,0,7,3.3,3.3,26.3,-2.0,323.1,630.0,19,19,24,0.0,2026-03-12 22:29:46
Time calibration,CHG ON,DSG ON,BALANCE ON,HEAT OFF,0,7,3.3,3.3,26.3,-1.7,321.3,630.0,20,19,26,0.0,2026-03-12 22:52:19
Time calibration,CHG ON,DSG ON,BALANCE ON,HEAT OFF,0,7,3.3,3.3,26.3,-1.7,321.3,630.0,20,19,26,0.0,2026-03-12 22:52:20
Time calibration,CHG ON,DSG ON,BALANCE ON,HEAT OFF,0,7,3.3,3.3,26.3,-1.8,319.9,630.0,20,19,28,0.0,2026-03-12 23:37:52
Time calibration,CHG ON,DSG ON,BALANCE OFF,HEAT OFF,4,7,3.3,3.3,26.3,-1.8,319.7,630.0,20,19,28,0.0,2026-03-12 23:45:15
Time calibration,CHG ON,DSG ON,BALANCE OFF,HEAT OFF,4,7,3.3,3.3,26.3,-1.8,319.7,630.0,20,19,28,0.0,2026-03-12 23:45:16
Time calibration,CHG ON,DSG ON,BALANCE OFF,HEAT OFF,4,7,3.3,3.3,26.3,-1.8,319.6,630.0,20,19,28,0.0,2026-03-12 23:46:36
Time calibration,CHG ON,DSG ON,BALANCE OFF,HEAT OFF,4,7,3.3,3.3,26.3,-1.8,319.6,630.0,20,19,28,0.0,2026-03-12 23:46:37
Time calibration,CHG ON,DSG ON,BALANCE ON,HEAT OFF,6,7,3.3,3.3,26.3,-2.0,315.6,630.0,20,19,22,0.0,2026-03-13 06:21:31
Time calibration,CHG ON,DSG ON,BALANCE ON,HEAT OFF,6,7,3.3,3.3,26.3,-2.0,315.6,630.0,20,19,22,0.0,2026-03-13 06:21:34
Time calibration,CHG ON,DSG ON,BALANCE OFF,HEAT OFF,6,7,3.3,3.3,26.3,-1.8,315.3,630.0,19,19,22,0.0,2026-03-13 06:30:28
Time calibration,CHG ON,DSG ON,BALANCE OFF,HEAT OFF,6,7,3.3,3.3,26.3,-1.6,314.7,630.0,19,19,21,0.0,2026-03-13 06:48:40
Time calibration,CHG ON,DSG ON,BALANCE OFF,HEAT OFF,6,7,3.3,3.3,26.3,-1.8,314.3,630.0,19,19,21,0.0,2026-03-13 07:04:17
Time calibration,CHG ON,DSG ON,BALANCE OFF,HEAT OFF,3,0,3.3,3.3,26.3,1.2,314.2,630.0,19,19,21,0.0,2026-03-13 07:27:32
Time calibration,CHG ON,DSG ON,BALANCE OFF,HEAT OFF,3,0,3.3,3.3,26.3,1.2,314.2,630.0,19,19,21,0.0,2026-03-13 07:27:33
Time calibration,CHG ON,DSG ON,BALANCE OFF,HEAT OFF,4,0,3.3,3.3,26.4,0.4,314.4,630.0,19,19,21,0.0,2026-03-13 07:36:49
Time calibration,CHG ON,DSG ON,BALANCE OFF,HEAT OFF,7,1,3.3,3.3,26.4,1.8,314.7,630.0,19,19,21,0.0,2026-03-13 07:51:54
Time calibration,CHG ON,DSG ON,BALANCE OFF,HEAT OFF,7,1,3.3,3.3,26.4,1.8,314.7,630.0,19,19,21,0.0,2026-03-13 07:51:55
Time calibration,CHG ON,DSG ON,BALANCE OFF,HEAT OFF,7,6,3.3,3.3,26.4,2.6,315.6,630.0,19,19,21,0.0,2026-03-13 08:19:58
Time calibration,CHG ON,DSG ON,BALANCE OFF,HEAT OFF,7,6,3.3,3.3,26.4,2.6,315.6,630.0,19,19,21,0.0,2026-03-13 08:19:59
Time calibration,CHG ON,DSG ON,BALANCE OFF,HEAT OFF,7,6,3.3,3.3,26.4,3.4,316.9,630.0,19,18,20,0.0,2026-03-13 08:44:04
Time calibration,CHG ON,DSG ON,BALANCE OFF,HEAT OFF,7,6,3.3,3.3,26.4,3.6,317.6,630.0,19,18,21,0.0,2026-03-13 08:58:32
Time calibration,CHG ON,DSG ON,BALANCE OFF,HEAT OFF,7,6,3.3,3.3,26.5,4.6,318.4,630.0,19,18,21,0.0,2026-03-13 09:12:25
Time calibration,CHG ON,DSG ON,BALANCE OFF,HEAT OFF,7,6,3.3,3.3,26.5,4.2,318.8,630.0,19,18,22,0.0,2026-03-13 09:18:52
Time calibration,CHG ON,DSG ON,BALANCE OFF,HEAT OFF,7,6,3.3,3.3,26.5,4.2,318.8,630.0,19,18,22,0.0,2026-03-13 09:18:53
Time calibration,CHG ON,DSG ON,BALANCE ON,HEAT OFF,7,6,3.3,3.3,26.5,5.6,321.5,630.0,19,18,23,0.0,2026-03-13 09:52:34
Time calibration,CHG ON,DSG ON,BALANCE ON,HEAT OFF,7,6,3.3,3.3,26.5,5.6,321.5,630.0,19,18,23,0.0,2026-03-13 09:52:35
Time calibration,CHG ON,DSG ON,BALANCE ON,HEAT OFF,7,6,3.3,3.3,26.5,7.3,321.7,630.0,19,18,23,0.0,2026-03-13 09:54:32
Time calibration,CHG ON,DSG ON,BALANCE ON,HEAT OFF,7,6,3.3,3.3,26.6,9.4,323.9,630.0,19,18,20,0.0,2026-03-13 10:14:32
Time calibration,CHG ON,DSG ON,BALANCE ON,HEAT OFF,7,6,3.3,3.3,26.6,11.7,326.5,630.0,18,18,18,0.0,2026-03-13 10:29:17
Time calibration,CHG ON,DSG ON,BALANCE ON,HEAT OFF,7,6,3.3,3.3,26.6,11.8,327.2,630.0,18,18,18,0.0,2026-03-13 10:32:52
Time calibration,CHG ON,DSG ON,BALANCE ON,HEAT OFF,7,6,3.3,3.3,26.7,12.8,328.5,630.0,18,18,18,0.0,2026-03-13 10:38:46
Time calibration,CHG ON,DSG ON,BALANCE ON,HEAT OFF,7,6,3.3,3.3,26.7,15.1,329.3,630.0,18,18,18,0.0,2026-03-13 10:42:23
Time calibration,CHG ON,DSG ON,BALANCE ON,HEAT OFF,7,6,3.4,3.3,26.8,21.9,338.7,630.0,19,18,20,0.0,2026-03-13 11:11:06
Time calibration,CHG ON,DSG ON,BALANCE ON,HEAT OFF,7,6,3.4,3.3,26.8,21.9,338.7,630.0,19,18,20,0.0,2026-03-13 11:11:07
Time calibration,CHG ON,DSG ON,BALANCE ON,HEAT OFF,7,6,3.4,3.3,26.8,25.2,344.5,630.0,20,19,21,0.0,2026-03-13 11:26:14
Time calibration,CHG ON,DSG ON,BALANCE ON,HEAT OFF,7,6,3.4,3.3,26.8,25.2,344.5,630.0,20,19,21,0.0,2026-03-13 11:26:15
Time calibration,CHG ON,DSG ON,BALANCE ON,HEAT OFF,7,6,3.4,3.3,26.8,24.9,345.3,630.0,20,19,21,0.0,2026-03-13 11:28:01
Time calibration,CHG ON,DSG ON,BALANCE ON,HEAT OFF,7,6,3.4,3.3,26.8,23.6,345.7,630.0,20,19,21,0.0,2026-03-13 11:29:05
Time calibration,CHG ON,DSG ON,BALANCE ON,HEAT OFF,7,6,3.4,3.3,26.8,25.3,346.5,630.0,20,19,21,0.0,2026-03-13 11:31:09
Time calibration,CHG ON,DSG ON,BALANCE ON,HEAT OFF,7,6,3.4,3.3,26.8,25.5,347.3,630.0,20,19,21,0.0,2026-03-13 11:32:53
Time calibration,CHG ON,DSG ON,BALANCE ON,HEAT OFF,7,6,3.4,3.3,26.8,25.5,348.6,630.0,20,19,21,0.0,2026-03-13 11:36:07
Time calibration,CHG ON,DSG ON,BALANCE ON,HEAT OFF,7,6,3.4,3.3,26.8,24.4,353.7,630.0,20,19,22,0.0,2026-03-13 11:48:08
Time calibration,CHG ON,DSG ON,BALANCE ON,HEAT OFF,7,6,3.4,3.3,26.8,25.2,362.2,630.0,21,19,22,0.0,2026-03-13 12:08:22
Time calibration,CHG ON,DSG ON,BALANCE ON,HEAT OFF,7,6,3.4,3.3,26.8,25.2,367.1,630.0,21,19,23,0.0,2026-03-13 12:20:25
Time calibration,CHG ON,DSG ON,BALANCE ON,HEAT OFF,7,6,3.4,3.3,26.8,25.2,367.1,630.0,21,19,23,0.0,2026-03-13 12:20:26
Time calibration,CHG ON,DSG ON,BALANCE ON,HEAT OFF,7,0,3.4,3.3,26.8,25.2,367.6,630.0,21,19,23,0.0,2026-03-13 12:21:44
Time calibration,CHG ON,DSG ON,BALANCE ON,HEAT OFF,7,0,3.4,3.3,26.8,24.0,390.8,630.0,22,20,24,0.0,2026-03-13 13:18:14
Time calibration,CHG ON,DSG ON,BALANCE ON,HEAT OFF,7,0,3.4,3.3,26.8,24.0,390.8,630.0,22,20,24,0.0,2026-03-13 13:18:15
Time calibration,CHG ON,DSG ON,BALANCE ON,HEAT OFF,7,0,3.4,3.3,26.8,21.3,400.7,630.0,22,20,24,0.0,2026-03-13 13:44:05
Time calibration,CHG ON,DSG ON,BALANCE ON,HEAT OFF,7,0,3.4,3.3,26.8,21.3,400.7,630.0,22,20,24,0.0,2026-03-13 13:44:06
Time calibration,CHG ON,DSG ON,BALANCE ON,HEAT OFF,7,0,3.4,3.3,26.7,19.6,402.0,630.0,22,20,24,0.0,2026-03-13 13:47:51
Time calibration,CHG ON,DSG ON,BALANCE ON,HEAT OFF,7,4,3.4,3.3,26.7,12.7,405.1,630.0,23,21,25,0.0,2026-03-13 14:08:11
Time calibration,CHG ON,DSG ON,BALANCE ON,HEAT OFF,7,4,3.4,3.3,26.7,12.7,405.1,630.0,23,21,25,0.0,2026-03-13 14:08:12
Time calibration,CHG ON,DSG ON,BALANCE ON,HEAT OFF,7,0,3.4,3.3,26.7,9.0,410.3,630.0,22,21,24,0.0,2026-03-13 14:38:55
Time calibration,CHG ON,DSG ON,BALANCE ON,HEAT OFF,7,0,3.4,3.3,26.7,9.0,410.3,630.0,22,21,24,0.0,2026-03-13 14:38:56
Time calibration,CHG ON,DSG ON,BALANCE ON,HEAT OFF,7,0,3.4,3.3,26.7,9.7,412.3,630.0,22,21,24,0.0,2026-03-13 14:52:43
Time calibration,CHG ON,DSG ON,BALANCE ON,HEAT OFF,7,0,3.4,3.3,26.7,9.7,412.3,630.0,22,21,24,0.0,2026-03-13 14:52:44
Time calibration,CHG ON,DSG ON,BALANCE ON,HEAT OFF,7,4,3.4,3.3,26.6,8.1,415.0,630.0,22,21,23,0.0,2026-03-13 15:11:43
Time calibration,CHG ON,DSG ON,BALANCE ON,HEAT OFF,7,0,3.4,3.3,26.7,9.3,416.9,630.0,22,21,23,0.0,2026-03-13 15:25:19
Time calibration,CHG ON,DSG ON,BALANCE ON,HEAT OFF,7,4,3.4,3.3,26.6,6.1,419.0,630.0,22,21,23,0.0,2026-03-13 15:40:53
Time calibration,CHG ON,DSG ON,BALANCE ON,HEAT OFF,7,0,3.3,3.3,26.6,3.6,420.5,630.0,22,21,26,0.0,2026-03-13 16:00:25
Time calibration,CHG ON,DSG ON,BALANCE ON,HEAT OFF,7,4,3.3,3.3,26.6,2.4,421.1,630.0,22,21,26,0.0,2026-03-13 16:15:09
Time calibration,CHG ON,DSG ON,BALANCE ON,HEAT OFF,7,3,3.3,3.3,26.5,-0.5,421.3,630.0,21,20,27,0.0,2026-03-13 17:51:24
Time calibration,CHG ON,DSG ON,BALANCE ON,HEAT OFF,6,3,3.3,3.3,26.4,-2.7,418.5,630.0,21,20,25,0.0,2026-03-13 19:17:55
Time calibration,CHG ON,DSG ON,BALANCE ON,HEAT OFF,6,5,3.3,3.3,26.4,-2.9,418.1,630.0,21,20,26,0.0,2026-03-13 19:27:32
Time calibration,CHG ON,DSG ON,BALANCE ON,HEAT OFF,6,0,3.3,3.3,26.4,-2.2,417.7,630.0,21,20,27,0.0,2026-03-13 19:36:40
Time calibration,CHG ON,DSG ON,BALANCE ON,HEAT OFF,6,5,3.3,3.3,26.4,-2.2,417.1,630.0,21,20,28,0.0,2026-03-13 19:54:14
Time calibration,CHG ON,DSG ON,BALANCE ON,HEAT OFF,6,0,3.3,3.3,26.4,-2.1,416.7,630.0,21,20,28,0.0,2026-03-13 20:03:44
Time calibration,CHG ON,DSG ON,BALANCE ON,HEAT OFF,6,5,3.3,3.3,26.4,-2.1,415.9,630.0,21,20,29,0.0,2026-03-13 20:25:51
Time calibration,CHG ON,DSG ON,BALANCE ON,HEAT OFF,6,5,3.3,3.3,26.4,-2.1,415.9,630.0,21,20,29,0.0,2026-03-13 20:25:52
Time calibration,CHG ON,DSG ON,BALANCE ON,HEAT OFF,6,3,3.3,3.3,26.4,-2.2,415.4,630.0,21,21,30,0.0,2026-03-13 20:39:25
Time calibration,CHG ON,DSG ON,BALANCE ON,HEAT OFF,6,3,3.3,3.3,26.4,-2.2,415.4,630.0,21,21,30,0.0,2026-03-13 20:39:26
Time calibration,CHG ON,DSG ON,BALANCE OFF,HEAT OFF,6,5,3.3,3.3,26.4,-2.1,414.8,630.0,21,21,30,0.0,2026-03-13 20:54:27
Time calibration,CHG ON,DSG ON,BALANCE OFF,HEAT OFF,6,5,3.3,3.3,26.4,-2.1,414.4,630.0,21,21,30,0.0,2026-03-13 21:05:03
Time calibration,CHG ON,DSG ON,BALANCE ON,HEAT OFF,6,7,3.3,3.3,26.4,-2.1,412.9,630.0,22,21,30,0.0,2026-03-13 21:41:38
Time calibration,CHG ON,DSG ON,BALANCE ON,HEAT OFF,6,7,3.3,3.3,26.4,-2.1,412.9,630.0,22,21,30,0.0,2026-03-13 21:41:39
Time calibration,CHG ON,DSG ON,BALANCE OFF,HEAT OFF,6,3,3.3,3.3,26.4,-1.8,411.6,630.0,22,21,30,0.0,2026-03-13 22:16:28
Time calibration,CHG ON,DSG ON,BALANCE OFF,HEAT OFF,6,3,3.3,3.3,26.4,-1.8,411.6,630.0,22,21,30,0.0,2026-03-13 22:16:29
Time calibration,CHG ON,DSG ON,BALANCE ON,HEAT OFF,4,7,3.3,3.2,26.1,-64.9,410.6,630.0,23,21,29,0.0,2026-03-13 22:39:33
Time calibration,CHG ON,DSG ON,BALANCE ON,HEAT OFF,4,7,3.3,3.2,26.1,-64.9,410.6,630.0,23,21,29,0.0,2026-03-13 22:39:34
Time calibration,CHG ON,DSG ON,BALANCE ON,HEAT OFF,6,5,3.3,3.2,26.1,-65.2,409.3,630.0,25,22,31,0.0,2026-03-13 22:40:44
Time calibration,CHG ON,DSG ON,BALANCE ON,HEAT OFF,6,7,3.3,3.3,26.2,-2.2,407.4,630.0,26,23,33,0.0,2026-03-13 22:42:43
Time calibration,CHG ON,DSG ON,BALANCE ON,HEAT OFF,6,7,3.3,3.3,26.2,-2.2,407.4,630.0,26,23,33,0.0,2026-03-13 22:42:44
Time calibration,CHG ON,DSG ON,BALANCE OFF,HEAT OFF,6,7,3.3,3.3,26.4,-1.8,406.0,630.0,23,22,30,0.0,2026-03-13 23:23:12
Time calibration,CHG ON,DSG ON,BALANCE OFF,HEAT OFF,6,7,3.3,3.3,26.4,0.0,405.7,630.0,22,22,29,0.0,2026-03-13 23:35:35
Time calibration,CHG ON,DSG ON,BALANCE OFF,HEAT OFF,6,7,3.3,3.3,26.4,0.0,405.7,630.0,22,22,29,0.0,2026-03-13 23:35:36
Time calibration,CHG ON,DSG ON,BALANCE OFF,HEAT OFF,6,0,3.3,3.3,26.4,0.0,405.6,630.0,20,20,21,0.0,2026-03-14 06:08:46
Time calibration,CHG ON,DSG ON,BALANCE OFF,HEAT OFF,6,0,3.3,3.3,26.4,0.0,405.6,630.0,20,20,21,0.0,2026-03-14 06:08:48
Time calibration,CHG ON,DSG ON,BALANCE OFF,HEAT OFF,6,7,3.3,3.3,26.4,-1.4,405.6,630.0,20,20,20,0.0,2026-03-14 06:18:33
Time calibration,CHG ON,DSG ON,BALANCE OFF,HEAT OFF,6,7,3.3,3.3,26.1,-64.0,405.5,630.0,20,20,20,0.0,2026-03-14 06:19:37
Time calibration,CHG ON,DSG ON,BALANCE ON,HEAT OFF,4,5,3.3,3.2,26.0,-64.3,403.5,630.0,21,20,22,0.0,2026-03-14 06:21:29
Time calibration,CHG ON,DSG ON,BALANCE ON,HEAT OFF,6,7,3.3,3.3,26.2,-1.8,403.4,630.0,21,20,22,0.0,2026-03-14 06:21:50
Time calibration,CHG ON,DSG ON,BALANCE ON,HEAT OFF,6,7,3.3,3.3,26.3,-1.5,403.3,630.0,20,20,22,0.0,2026-03-14 06:24:37
Time calibration,CHG ON,DSG ON,BALANCE OFF,HEAT OFF,6,7,3.3,3.3,26.3,-1.4,403.2,630.0,20,20,22,0.0,2026-03-14 06:27:38
Time calibration,CHG ON,DSG ON,BALANCE OFF,HEAT OFF,6,7,3.3,3.3,26.4,-1.1,402.6,630.0,20,20,22,0.0,2026-03-14 06:51:07
Time calibration,CHG ON,DSG ON,BALANCE OFF,HEAT OFF,6,7,3.3,3.3,26.4,-1.1,402.6,630.0,20,20,22,0.0,2026-03-14 06:51:08
Time calibration,CHG ON,DSG ON,BALANCE OFF,HEAT OFF,6,7,3.3,3.3,26.4,0.6,402.4,630.0,19,19,21,0.0,2026-03-14 07:11:50
Time calibration,CHG ON,DSG ON,BALANCE OFF,HEAT OFF,6,7,3.3,3.3,26.4,0.6,402.4,630.0,19,19,21,0.0,2026-03-14 07:11:51
Time calibration,CHG ON,DSG ON,BALANCE OFF,HEAT OFF,5,0,3.3,3.3,26.4,1.9,402.8,630.0,19,19,21,0.0,2026-03-14 07:30:32
Time calibration,CHG ON,DSG ON,BALANCE OFF,HEAT OFF,5,0,3.3,3.3,26.4,1.9,402.8,630.0,19,19,21,0.0,2026-03-14 07:30:33
Time calibration,CHG ON,DSG ON,BALANCE OFF,HEAT OFF,1,0,3.3,3.3,26.4,2.2,403.1,630.0,19,19,21,0.0,2026-03-14 07:40:32
Time calibration,CHG ON,DSG ON,BALANCE OFF,HEAT OFF,1,4,3.3,3.3,26.4,1.0,403.8,630.0,19,19,21,0.0,2026-03-14 08:19:34
Time calibration,CHG ON,DSG ON,BALANCE ON,HEAT OFF,0,5,3.3,3.2,26.0,-61.3,403.7,630.0,20,19,22,0.0,2026-03-14 08:35:58
Time calibration,CHG ON,DSG ON,BALANCE ON,HEAT OFF,0,5,3.3,3.2,26.0,-61.3,403.7,630.0,20,19,22,0.0,2026-03-14 08:35:59
Time calibration,CHG ON,DSG ON,BALANCE OFF,HEAT OFF,1,0,3.3,3.3,26.4,3.2,402.6,630.0,19,19,22,0.0,2026-03-14 09:16:23
Time calibration,CHG ON,DSG ON,BALANCE OFF,HEAT OFF,7,0,3.3,3.3,26.4,4.6,403.1,630.0,19,19,22,0.0,2026-03-14 09:23:32
Time calibration,CHG ON,DSG ON,BALANCE OFF,HEAT OFF,7,0,3.3,3.3,26.4,4.6,403.1,630.0,19,19,22,0.0,2026-03-14 09:23:33
Time calibration,CHG ON,DSG ON,BALANCE ON,HEAT OFF,7,4,3.3,3.3,26.5,6.7,404.3,630.0,20,19,23,0.0,2026-03-14 09:36:41
Time calibration,CHG ON,DSG ON,BALANCE ON,HEAT OFF,7,0,3.3,3.3,26.5,7.2,405.0,630.0,21,19,22,0.0,2026-03-14 09:42:09
Time calibration,CHG ON,DSG ON,BALANCE ON,HEAT OFF,7,0,3.3,3.3,26.5,7.2,405.0,630.0,21,19,22,0.0,2026-03-14 09:42:10
Time calibration,CHG ON,DSG ON,BALANCE ON,HEAT OFF,7,4,3.3,3.3,26.6,9.7,407.9,630.0,20,19,22,0.0,2026-03-14 10:03:25
Time calibration,CHG ON,DSG ON,BALANCE ON,HEAT OFF,7,4,3.3,3.3,26.6,9.7,407.9,630.0,20,19,22,0.0,2026-03-14 10:03:26
Time calibration,CHG ON,DSG ON,BALANCE ON,HEAT OFF,7,0,3.3,3.3,26.6,9.2,409.6,630.0,20,19,22,0.0,2026-03-14 10:14:41
Time calibration,CHG ON,DSG ON,BALANCE ON,HEAT OFF,7,0,3.3,3.3,26.6,9.2,409.6,630.0,20,19,22,0.0,2026-03-14 10:14:42
Time calibration,CHG ON,DSG ON,BALANCE ON,HEAT OFF,7,0,3.4,3.3,26.9,26.2,442.7,630.0,23,22,26,0.0,2026-03-14 11:50:28
Time calibration,CHG ON,DSG ON,BALANCE ON,HEAT OFF,7,4,3.4,3.3,26.9,25.2,445.0,630.0,23,21,24,0.0,2026-03-14 11:56:22
Time calibration,CHG ON,DSG ON,BALANCE ON,HEAT OFF,7,0,3.3,3.3,26.7,0.0,446.0,630.0,22,21,25,0.0,2026-03-14 12:07:50
Time calibration,CHG ON,DSG ON,BALANCE ON,HEAT OFF,7,0,3.3,3.3,26.7,0.0,446.0,630.0,22,21,25,0.0,2026-03-14 12:07:51
Time calibration,CHG ON,DSG ON,BALANCE ON,HEAT OFF,7,0,3.4,3.3,26.7,8.8,446.2,630.0,22,21,24,0.0,2026-03-14 12:10:44
Time calibration,CHG ON,DSG ON,BALANCE ON,HEAT OFF,7,0,3.4,3.3,26.7,8.8,446.2,630.0,22,21,24,0.0,2026-03-14 12:10:45
Time calibration,CHG ON,DSG ON,BALANCE ON,HEAT OFF,7,0,3.3,3.3,26.7,-1.5,446.3,630.0,22,21,24,0.0,2026-03-14 12:11:46
Time calibration,CHG ON,DSG ON,BALANCE ON,HEAT OFF,7,4,3.4,3.3,26.7,14.0,446.4,630.0,22,21,24,0.0,2026-03-14 12:14:17
Time calibration,CHG ON,DSG ON,BALANCE ON,HEAT OFF,7,4,3.4,3.3,26.7,14.1,446.5,630.0,22,21,24,0.0,2026-03-14 12:14:49
Time calibration,CHG ON,DSG ON,BALANCE ON,HEAT OFF,7,0,3.3,3.3,26.6,-1.2,446.6,630.0,22,21,23,0.0,2026-03-14 12:16:47
Time calibration,CHG ON,DSG ON,BALANCE ON,HEAT OFF,7,4,3.3,3.3,26.6,-1.2,446.6,630.0,22,21,23,0.0,2026-03-14 12:17:09
Time calibration,CHG ON,DSG ON,BALANCE ON,HEAT OFF,7,4,3.4,3.3,26.8,21.6,447.1,630.0,22,21,23,0.0,2026-03-14 12:20:48
Time calibration,CHG ON,DSG ON,BALANCE ON,HEAT OFF,7,4,3.4,3.3,26.8,18.4,448.6,630.0,22,21,23,0.0,2026-03-14 12:25:28
Time calibration,CHG ON,DSG ON,BALANCE ON,HEAT OFF,7,6,3.4,3.3,26.8,10.4,458.1,630.0,22,21,24,0.0,2026-03-14 13:00:02
Time calibration,CHG ON,DSG ON,BALANCE ON,HEAT OFF,7,0,3.4,3.3,26.7,8.1,458.9,630.0,22,21,24,0.0,2026-03-14 13:06:27
Time calibration,CHG ON,DSG ON,BALANCE ON,HEAT OFF,7,0,3.4,3.3,26.7,8.1,458.9,630.0,22,21,24,0.0,2026-03-14 13:06:28
Time calibration,CHG ON,DSG ON,BALANCE ON,HEAT OFF,7,6,3.4,3.3,26.7,8.1,462.0,630.0,22,21,24,0.0,2026-03-14 13:24:45
Time calibration,CHG ON,DSG ON,BALANCE ON,HEAT OFF,7,6,3.4,3.3,26.8,15.0,464.4,630.0,22,21,24,0.0,2026-03-14 13:34:41
Time calibration,CHG ON,DSG ON,BALANCE ON,HEAT OFF,7,6,3.4,3.3,26.8,15.0,464.4,630.0,22,21,24,0.0,2026-03-14 13:34:42
Time calibration,CHG ON,DSG ON,BALANCE ON,HEAT OFF,7,6,3.4,3.3,26.8,15.9,467.7,630.0,23,21,24,0.0,2026-03-14 13:48:32
Time calibration,CHG ON,DSG ON,BALANCE ON,HEAT OFF,7,6,3.4,3.3,26.8,17.1,471.1,630.0,23,21,25,0.0,2026-03-14 14:00:28
Time calibration,CHG ON,DSG ON,BALANCE ON,HEAT OFF,7,6,3.4,3.3,26.8,14.6,474.9,630.0,23,22,25,0.0,2026-03-14 14:15:52
Time calibration,CHG ON,DSG ON,BALANCE ON,HEAT OFF,7,6,3.4,3.3,26.8,14.6,474.9,630.0,23,22,25,0.0,2026-03-14 14:15:53
Time calibration,CHG ON,DSG ON,BALANCE ON,HEAT OFF,7,6,3.4,3.3,26.8,6.4,476.0,630.0,23,21,25,0.0,2026-03-14 14:21:52
Time calibration,CHG ON,DSG ON,BALANCE ON,HEAT OFF,7,6,3.4,3.3,26.8,6.4,476.0,630.0,23,21,25,0.0,2026-03-14 14:21:53
Time calibration,CHG ON,DSG ON,BALANCE ON,HEAT OFF,7,6,3.4,3.3,26.8,8.7,477.6,630.0,23,21,26,0.0,2026-03-14 14:35:52
Time calibration,CHG ON,DSG ON,BALANCE ON,HEAT OFF,7,6,3.4,3.3,26.8,8.7,477.6,630.0,23,21,26,0.0,2026-03-14 14:35:53
Time calibration,CHG ON,DSG ON,BALANCE ON,HEAT OFF,7,6,3.4,3.3,26.8,12.4,479.7,630.0,23,22,25,0.0,2026-03-14 14:46:52
Time calibration,CHG ON,DSG ON,BALANCE ON,HEAT OFF,7,6,3.4,3.3,26.8,12.4,479.7,630.0,23,22,25,0.0,2026-03-14 14:46:53
Time calibration,CHG ON,DSG ON,BALANCE ON,HEAT OFF,7,6,3.4,3.3,26.8,11.5,485.2,630.0,23,22,24,0.0,2026-03-14 15:16:09
Time calibration,CHG ON,DSG ON,BALANCE ON,HEAT OFF,7,6,3.4,3.3,26.8,4.8,487.1,630.0,23,22,24,0.0,2026-03-14 15:28:48
Time calibration,CHG ON,DSG ON,BALANCE ON,HEAT OFF,4,6,3.4,3.3,26.8,1.2,487.4,630.0,23,22,25,0.0,2026-03-14 15:34:40
Time calibration,CHG ON,DSG ON,BALANCE ON,HEAT OFF,1,5,3.3,3.3,26.6,-60.3,487.3,630.0,23,22,25,0.0,2026-03-14 15:36:38
Time calibration,CHG ON,DSG ON,BALANCE ON,HEAT OFF,1,5,3.3,3.3,26.6,-60.3,487.3,630.0,23,22,25,0.0,2026-03-14 15:36:39
Time calibration,CHG ON,DSG ON,BALANCE ON,HEAT OFF,4,7,3.3,3.3,26.6,0.8,485.4,630.0,24,23,27,0.0,2026-03-14 15:38:47
Time calibration,CHG ON,DSG ON,BALANCE ON,HEAT OFF,3,6,3.3,3.3,26.7,1.5,485.8,630.0,23,22,28,0.0,2026-03-14 15:52:00
Time calibration,CHG ON,DSG ON,BALANCE ON,HEAT OFF,3,6,3.3,3.3,26.7,1.5,485.8,630.0,23,22,28,0.0,2026-03-14 15:52:01
Time calibration,CHG ON,DSG ON,BALANCE ON,HEAT OFF,2,6,3.3,3.3,26.7,1.2,487.9,630.0,23,22,30,0.0,2026-03-14 16:38:45
Time calibration,CHG ON,DSG ON,BALANCE ON,HEAT OFF,4,6,3.3,3.3,26.7,1.3,487.9,630.0,23,22,30,0.0,2026-03-14 16:39:06
Time calibration,CHG ON,DSG ON,BALANCE ON,HEAT OFF,4,6,3.3,3.3,26.7,1.3,487.9,630.0,23,22,30,0.0,2026-03-14 16:39:07
Time calibration,CHG ON,DSG ON,BALANCE ON,HEAT OFF,4,6,3.3,3.3,26.7,-0.9,487.9,630.0,23,22,30,0.0,2026-03-14 17:17:07
Time calibration,CHG ON,DSG ON,BALANCE ON,HEAT OFF,4,6,3.3,3.3,26.7,-0.9,487.9,630.0,23,22,30,0.0,2026-03-14 17:17:08
Time calibration,CHG ON,DSG ON,BALANCE ON,HEAT OFF,3,6,3.3,3.3,26.7,0.0,487.9,630.0,23,22,30,0.0,2026-03-14 17:17:37
Time calibration,CHG ON,DSG ON,BALANCE ON,HEAT OFF,3,6,3.3,3.3,26.7,0.0,487.9,630.0,23,22,30,0.0,2026-03-14 17:17:38
Time calibration,CHG ON,DSG ON,BALANCE ON,HEAT OFF,4,6,3.3,3.3,26.7,-0.5,487.6,630.0,23,22,30,0.0,2026-03-14 18:08:52
Time calibration,CHG ON,DSG ON,BALANCE ON,HEAT OFF,4,6,3.3,3.3,26.7,-0.5,487.6,630.0,23,22,30,0.0,2026-03-14 18:08:53
Time calibration,CHG ON,DSG ON,BALANCE ON,HEAT OFF,4,6,3.3,3.3,26.7,0.0,487.6,630.0,23,22,29,0.0,2026-03-14 18:36:57
Time calibration,CHG ON,DSG ON,BALANCE ON,HEAT OFF,4,6,3.3,3.3,26.7,0.0,487.6,630.0,23,22,29,0.0,2026-03-14 18:36:59
Time calibration,CHG ON,DSG ON,BALANCE ON,HEAT OFF,2,7,3.3,3.3,26.6,-2.4,485.5,630.0,22,21,28,0.0,2026-03-14 20:32:47
Time calibration,CHG ON,DSG ON,BALANCE ON,HEAT OFF,6,7,3.3,3.3,26.5,-1.6,479.5,630.0,21,21,26,0.0,2026-03-14 23:19:08
Time calibration,CHG ON,DSG ON,BALANCE ON,HEAT OFF,6,7,3.3,3.3,26.5,-1.6,479.5,630.0,21,21,26,0.0,2026-03-14 23:19:09
Time calibration,CHG ON,DSG ON,BALANCE ON,HEAT OFF,6,7,3.3,3.3,26.4,-2.7,478.1,630.0,21,21,27,0.0,2026-03-15 00:00:13
Time calibration,CHG ON,DSG ON,BALANCE ON,HEAT OFF,6,7,3.3,3.3,26.4,-2.7,478.1,630.0,21,21,27,0.0,2026-03-15 00:00:14
Time calibration,CHG ON,DSG ON,BALANCE ON,HEAT OFF,6,7,3.3,3.3,26.4,-2.2,476.1,630.0,21,20,26,0.0,2026-03-15 01:08:28
Time calibration,CHG ON,DSG ON,BALANCE ON,HEAT OFF,6,7,3.3,3.3,26.4,-2.2,476.1,630.0,21,20,26,0.0,2026-03-15 01:08:29
Time calibration,CHG ON,DSG ON,BALANCE ON,HEAT OFF,6,7,3.3,3.3,26.4,-1.6,475.3,630.0,21,20,27,0.0,2026-03-15 01:33:45
Time calibration,CHG ON,DSG ON,BALANCE ON,HEAT OFF,6,5,3.3,3.3,26.4,-1.6,473.8,630.0,20,20,26,0.0,2026-03-15 02:31:32
Time calibration,CHG ON,DSG ON,BALANCE OFF,HEAT OFF,6,7,3.3,3.3,26.4,-1.4,470.7,630.0,19,18,21,0.0,2026-03-15 05:29:49
Time calibration,CHG ON,DSG ON,BALANCE OFF,HEAT OFF,6,7,3.3,3.3,26.4,0.0,470.6,630.0,17,17,18,0.0,2026-03-15 09:23:01
Time calibration,CHG ON,DSG ON,BALANCE ON,HEAT OFF,6,7,3.3,3.3,26.4,-1.5,470.6,630.0,16,16,17,0.0,2026-03-15 09:33:14
Time calibration,CHG ON,DSG ON,BALANCE ON,HEAT OFF,6,3,3.3,3.3,26.2,-58.8,470.6,630.0,16,16,17,0.0,2026-03-15 09:34:19
Time calibration,CHG ON,DSG ON,BALANCE ON,HEAT OFF,6,3,3.3,3.3,26.2,-58.8,470.6,630.0,16,16,17,0.0,2026-03-15 09:34:20
Time calibration,CHG ON,DSG ON,BALANCE ON,HEAT OFF,6,5,3.3,3.3,26.0,-59.5,466.7,630.0,17,17,18,0.0,2026-03-15 09:38:14
Time calibration,CHG ON,DSG ON,BALANCE ON,HEAT OFF,6,7,3.3,3.3,26.2,2.2,466.3,630.0,17,17,18,0.0,2026-03-15 09:38:44
Time calibration,CHG ON,DSG ON,BALANCE ON,HEAT OFF,6,7,3.3,3.3,26.2,2.2,466.3,630.0,17,17,18,0.0,2026-03-15 09:38:45
Time calibration,CHG ON,DSG ON,BALANCE OFF,HEAT OFF,6,7,3.3,3.3,26.4,3.4,467.0,630.0,16,16,18,0.0,2026-03-15 09:53:04
Time calibration,CHG ON,DSG ON,BALANCE OFF,HEAT OFF,6,7,3.3,3.3,26.4,3.4,467.0,630.0,16,16,18,0.0,2026-03-15 09:53:05
Time calibration,CHG ON,DSG ON,BALANCE OFF,HEAT OFF,6,0,3.3,3.3,26.4,3.7,467.4,630.0,16,16,18,0.0,2026-03-15 10:00:54
Time calibration,CHG ON,DSG ON,BALANCE OFF,HEAT OFF,6,0,3.3,3.3,26.4,3.6,467.4,630.0,16,16,18,0.0,2026-03-15 10:01:16
Time calibration,CHG ON,DSG ON,BALANCE OFF,HEAT OFF,6,0,3.3,3.3,26.4,3.6,467.4,630.0,16,16,18,0.0,2026-03-15 10:01:17
Time calibration,CHG ON,DSG ON,BALANCE OFF,HEAT OFF,6,0,3.3,3.3,26.5,1.4,468.8,630.0,16,16,18,0.0,2026-03-15 10:33:05
Time calibration,CHG ON,DSG ON,BALANCE OFF,HEAT OFF,6,0,3.3,3.3,26.5,0.9,469.8,630.0,16,16,18,0.0,2026-03-15 11:12:49
Time calibration,CHG ON,DSG ON,BALANCE OFF,HEAT OFF,6,0,3.3,3.3,26.5,0.9,469.8,630.0,16,16,18,0.0,2026-03-15 11:12:50
Time calibration,CHG ON,DSG ON,BALANCE OFF,HEAT OFF,6,0,3.3,3.3,26.5,1.9,470.9,630.0,16,16,19,0.0,2026-03-15 11:50:25
Time calibration,CHG ON,DSG ON,BALANCE OFF,HEAT OFF,6,0,3.3,3.3,26.5,1.9,471.3,630.0,16,16,19,0.0,2026-03-15 12:00:50
Time calibration,CHG ON,DSG ON,BALANCE OFF,HEAT OFF,1,0,3.3,3.3,26.6,3.1,471.5,630.0,17,16,20,0.0,2026-03-15 12:07:44
Time calibration,CHG ON,DSG ON,BALANCE OFF,HEAT OFF,7,0,3.3,3.3,26.6,3.4,472.4,630.0,17,16,21,0.0,2026-03-15 12:20:52
Time calibration,CHG ON,DSG ON,BALANCE OFF,HEAT OFF,7,0,3.3,3.3,26.6,3.4,472.4,630.0,17,16,21,0.0,2026-03-15 12:20:53
Time calibration,CHG ON,DSG ON,BALANCE OFF,HEAT OFF,6,3,3.3,3.3,26.6,0.8,473.8,630.0,18,17,25,0.0,2026-03-15 13:10:58
Time calibration,CHG ON,DSG ON,BALANCE OFF,HEAT OFF,6,3,3.3,3.3,26.6,0.8,473.8,630.0,18,17,25,0.0,2026-03-15 13:11:00
Time calibration,CHG ON,DSG ON,BALANCE OFF,HEAT OFF,6,7,3.3,3.3,26.6,0.9,473.9,630.0,18,18,26,0.0,2026-03-15 13:21:15
Time calibration,CHG ON,DSG ON,BALANCE ON,HEAT OFF,6,7,3.3,3.3,26.5,2.0,472.5,630.0,19,18,29,0.0,2026-03-15 13:31:09
Time calibration,CHG ON,DSG ON,BALANCE ON,HEAT OFF,6,7,3.3,3.3,26.5,2.0,472.5,630.0,19,18,29,0.0,2026-03-15 13:31:10
Time calibration,CHG ON,DSG ON,BALANCE OFF,HEAT OFF,6,7,3.3,3.3,26.5,0.6,473.4,630.0,19,18,27,0.0,2026-03-15 14:24:28
Time calibration,CHG ON,DSG ON,BALANCE OFF,HEAT OFF,6,7,3.3,3.3,26.5,0.6,473.4,630.0,19,18,27,0.0,2026-03-15 14:24:29
Time calibration,CHG ON,DSG ON,BALANCE ON,HEAT OFF,6,7,3.3,3.3,26.5,0.3,473.4,630.0,19,18,27,0.0,2026-03-15 14:37:35
Time calibration,CHG ON,DSG ON,BALANCE ON,HEAT OFF,6,7,3.3,3.3,26.5,0.3,473.4,630.0,19,18,27,0.0,2026-03-15 14:37:36
Time calibration,CHG ON,DSG ON,BALANCE OFF,HEAT OFF,6,7,3.3,3.3,26.5,0.4,473.3,630.0,20,19,26,0.0,2026-03-15 15:28:13
Time calibration,CHG ON,DSG ON,BALANCE OFF,HEAT OFF,6,7,3.3,3.3,26.5,0.4,473.3,630.0,20,19,26,0.0,2026-03-15 15:28:14
Time calibration,CHG ON,DSG ON,BALANCE OFF,HEAT OFF,6,7,3.3,3.3,26.5,-0.2,473.4,630.0,20,19,26,0.0,2026-03-15 15:53:51
Time calibration,CHG ON,DSG ON,BALANCE ON,HEAT OFF,1,7,3.3,3.3,26.2,-63.7,473.4,630.0,20,19,26,0.0,2026-03-15 15:54:09
Time calibration,CHG ON,DSG ON,BALANCE ON,HEAT OFF,1,7,3.3,3.3,26.2,-63.7,473.4,630.0,20,19,26,0.0,2026-03-15 15:54:10
Time calibration,CHG ON,DSG ON,BALANCE ON,HEAT OFF,6,7,3.3,3.3,26.3,-0.5,470.9,630.0,23,20,29,0.0,2026-03-15 15:56:29
Time calibration,CHG ON,DSG ON,BALANCE ON,HEAT OFF,6,7,3.3,3.3,26.3,-0.5,470.9,630.0,23,20,29,0.0,2026-03-15 15:56:30
Time calibration,CHG ON,DSG ON,BALANCE OFF,HEAT OFF,6,7,3.3,3.3,26.4,-0.9,470.2,630.0,20,19,27,0.0,2026-03-15 16:31:49
Time calibration,CHG ON,DSG ON,BALANCE OFF,HEAT OFF,6,7,3.3,3.3,26.4,-1.0,469.3,630.0,20,19,25,0.0,2026-03-15 17:17:55
Time calibration,CHG ON,DSG ON,BALANCE ON,HEAT OFF,6,7,3.3,3.3,26.4,-1.5,468.6,630.0,20,19,25,0.0,2026-03-15 17:46:25
Time calibration,CHG ON,DSG ON,BALANCE OFF,HEAT OFF,6,7,3.3,3.3,26.4,0.0,468.4,630.0,20,19,23,0.0,2026-03-15 19:22:24
Time calibration,CHG ON,DSG ON,BALANCE OFF,HEAT OFF,6,7,3.3,3.3,26.4,-2.1,468.4,630.0,20,19,22,0.0,2026-03-15 19:24:21
Time calibration,CHG ON,DSG ON,BALANCE OFF,HEAT OFF,6,7,3.3,3.3,26.4,-2.1,468.4,630.0,20,19,22,0.0,2026-03-15 19:24:22
Time calibration,CHG ON,DSG ON,BALANCE OFF,HEAT OFF,6,7,3.3,3.3,26.3,-1.8,466.9,630.0,20,19,23,0.0,2026-03-15 20:05:12
Time calibration,CHG ON,DSG ON,BALANCE OFF,HEAT OFF,6,7,3.3,3.3,26.3,-2.0,463.3,630.0,19,19,22,0.0,2026-03-15 22:06:38
Time calibration,CHG ON,DSG ON,BALANCE OFF,HEAT OFF,6,7,3.3,3.3,26.3,-2.0,463.3,630.0,19,19,22,0.0,2026-03-15 22:06:39
Time calibration,CHG ON,DSG ON,BALANCE OFF,HEAT OFF,6,7,3.3,3.3,26.3,-1.4,461.3,630.0,20,19,25,0.0,2026-03-15 23:07:04
Time calibration,CHG ON,DSG ON,BALANCE OFF,HEAT OFF,6,7,3.3,3.3,26.3,-1.7,459.5,630.0,20,19,26,0.0,2026-03-16 00:05:31
Time calibration,CHG ON,DSG ON,BALANCE OFF,HEAT OFF,6,7,3.3,3.3,26.3,-1.4,458.7,630.0,21,20,25,0.0,2026-03-16 00:38:22
Time calibration,CHG ON,DSG ON,BALANCE OFF,HEAT OFF,6,7,3.3,3.3,26.3,-1.4,456.6,630.0,21,20,25,0.0,2026-03-16 01:59:29
Time calibration,CHG ON,DSG ON,BALANCE OFF,HEAT OFF,0,7,3.3,3.3,26.4,0.0,455.9,630.0,19,19,20,0.0,2026-03-16 05:54:08
Time calibration,CHG ON,DSG ON,BALANCE OFF,HEAT OFF,0,7,3.3,3.3,26.4,0.0,455.9,630.0,19,19,20,0.0,2026-03-16 05:54:09
Time calibration,CHG ON,DSG ON,BALANCE OFF,HEAT OFF,6,7,3.3,3.3,26.4,-1.6,455.6,630.0,19,19,20,0.0,2026-03-16 06:03:34
Time calibration,CHG ON,DSG ON,BALANCE OFF,HEAT OFF,6,7,3.3,3.3,26.3,-1.6,455.4,630.0,19,19,20,0.0,2026-03-16 06:10:57
Time calibration,CHG ON,DSG ON,BALANCE ON,HEAT OFF,4,1,3.3,3.3,26.1,-64.4,455.3,630.0,19,19,20,0.0,2026-03-16 06:11:20
Time calibration,CHG ON,DSG ON,BALANCE ON,HEAT OFF,6,7,3.3,3.3,26.2,-1.8,451.3,630.0,20,20,23,0.0,2026-03-16 06:16:05
Time calibration,CHG ON,DSG ON,BALANCE OFF,HEAT OFF,6,7,3.3,3.3,26.3,-1.8,450.4,630.0,19,19,21,0.0,2026-03-16 06:44:57
Time calibration,CHG ON,DSG ON,BALANCE OFF,HEAT OFF,6,7,3.3,3.3,26.3,-1.7,449.6,630.0,19,19,21,0.0,2026-03-16 07:08:17
Time calibration,CHG ON,DSG ON,BALANCE OFF,HEAT OFF,6,7,3.3,3.3,26.3,-1.7,449.6,630.0,19,19,21,0.0,2026-03-16 07:08:20
Time calibration,CHG ON,DSG ON,BALANCE OFF,HEAT OFF,6,7,3.3,3.3,26.3,-1.2,448.5,630.0,19,19,21,0.0,2026-03-16 07:50:30
Time calibration,CHG ON,DSG ON,BALANCE OFF,HEAT OFF,0,7,3.3,3.3,26.3,-0.2,448.2,630.0,19,18,21,0.0,2026-03-16 08:03:32
Time calibration,CHG ON,DSG ON,BALANCE OFF,HEAT OFF,0,7,3.3,3.3,26.3,0.3,448.5,630.0,19,18,21,0.0,2026-03-16 08:26:20
Time calibration,CHG ON,DSG ON,BALANCE OFF,HEAT OFF,1,0,3.3,3.3,26.4,3.0,448.6,630.0,19,18,21,0.0,2026-03-16 08:34:36
Time calibration,CHG ON,DSG ON,BALANCE OFF,HEAT OFF,7,6,3.3,3.3,26.4,5.1,449.0,630.0,19,18,21,0.0,2026-03-16 08:40:13
Time calibration,CHG ON,DSG ON,BALANCE OFF,HEAT OFF,7,4,3.3,3.3,26.4,5.5,449.6,630.0,19,18,21,0.0,2026-03-16 08:49:48
Time calibration,CHG ON,DSG ON,BALANCE ON,HEAT OFF,4,7,3.3,3.2,26.1,-58.2,449.6,630.0,19,18,21,0.0,2026-03-16 08:50:13
Time calibration,CHG ON,DSG ON,BALANCE ON,HEAT OFF,4,7,3.3,3.3,26.2,4.6,447.7,630.0,20,19,23,0.0,2026-03-16 08:52:16
Time calibration,CHG ON,DSG ON,BALANCE OFF,HEAT OFF,5,1,3.3,3.3,26.4,5.4,448.1,630.0,19,18,23,0.0,2026-03-16 08:56:48
Time calibration,CHG ON,DSG ON,BALANCE OFF,HEAT OFF,7,0,3.3,3.3,26.4,8.0,448.8,630.0,20,18,22,0.0,2026-03-16 09:03:52
Time calibration,CHG ON,DSG ON,BALANCE OFF,HEAT OFF,7,6,3.3,3.3,26.5,6.7,451.6,630.0,20,19,21,0.0,2026-03-16 09:23:58
Time calibration,CHG ON,DSG ON,BALANCE ON,HEAT OFF,7,6,3.3,3.3,26.5,9.0,451.7,630.0,20,19,21,0.0,2026-03-16 09:24:57
Time calibration,CHG ON,DSG ON,BALANCE ON,HEAT OFF,7,6,3.3,3.3,26.6,12.4,454.4,630.0,20,19,22,0.0,2026-03-16 09:40:44
Time calibration,CHG ON,DSG ON,BALANCE ON,HEAT OFF,7,6,3.3,3.3,26.6,12.4,454.4,630.0,20,19,22,0.0,2026-03-16 09:40:45
Time calibration,CHG ON,DSG ON,BALANCE OFF,HEAT OFF,7,6,3.3,3.3,26.6,4.4,455.8,630.0,20,19,23,0.0,2026-03-16 09:50:55
Time calibration,CHG ON,DSG ON,BALANCE OFF,HEAT OFF,7,6,3.3,3.3,26.6,4.4,455.8,630.0,20,19,23,0.0,2026-03-16 09:50:56
Time calibration,CHG ON,DSG ON,BALANCE OFF,HEAT OFF,7,6,3.3,3.3,26.6,4.0,456.6,630.0,20,19,23,0.0,2026-03-16 10:04:01
Time calibration,CHG ON,DSG ON,BALANCE ON,HEAT OFF,7,6,3.3,3.3,26.6,5.6,457.2,630.0,20,19,23,0.0,2026-03-16 10:13:01
Time calibration,CHG ON,DSG ON,BALANCE ON,HEAT OFF,7,6,3.3,3.3,26.6,5.6,457.2,630.0,20,19,23,0.0,2026-03-16 10:13:02
Time calibration,CHG ON,DSG ON,BALANCE OFF,HEAT OFF,7,6,3.3,3.3,26.6,5.5,457.3,630.0,20,19,23,0.0,2026-03-16 10:13:18
Time calibration,CHG ON,DSG ON,BALANCE OFF,HEAT OFF,7,6,3.3,3.3,26.6,5.5,457.3,630.0,20,19,23,0.0,2026-03-16 10:13:19
Time calibration,CHG ON,DSG ON,BALANCE ON,HEAT OFF,1,5,3.3,3.3,26.3,-55.4,457.2,630.0,20,19,23,0.0,2026-03-16 10:13:33
Time calibration,CHG ON,DSG ON,BALANCE OFF,HEAT OFF,7,6,3.3,3.3,26.5,7.3,456.1,630.0,21,19,24,0.0,2026-03-16 10:23:41
Time calibration,CHG ON,DSG ON,BALANCE OFF,HEAT OFF,7,6,3.3,3.3,26.5,7.3,456.1,630.0,21,19,24,0.0,2026-03-16 10:23:42
Time calibration,CHG ON,DSG ON,BALANCE ON,HEAT OFF,7,6,3.3,3.3,26.6,14.1,457.1,630.0,21,19,24,0.0,2026-03-16 10:33:27
Time calibration,CHG ON,DSG ON,BALANCE ON,HEAT OFF,7,6,3.3,3.3,26.6,14.1,457.1,630.0,21,19,24,0.0,2026-03-16 10:33:28
Time calibration,CHG ON,DSG ON,BALANCE ON,HEAT OFF,7,6,3.4,3.3,26.7,19.8,459.9,630.0,21,19,24,0.0,2026-03-16 10:43:52
Time calibration,CHG ON,DSG ON,BALANCE ON,HEAT OFF,7,6,3.4,3.3,26.7,19.8,459.9,630.0,21,19,24,0.0,2026-03-16 10:43:53
Time calibration,CHG ON,DSG ON,BALANCE ON,HEAT OFF,7,6,3.4,3.3,26.7,9.0,470.4,630.0,22,19,25,0.0,2026-03-16 11:23:53
Time calibration,CHG ON,DSG ON,BALANCE ON,HEAT OFF,7,6,3.4,3.3,26.7,9.0,470.4,630.0,22,19,25,0.0,2026-03-16 11:23:54
Time calibration,CHG ON,DSG ON,BALANCE OFF,HEAT OFF,7,0,3.3,3.3,26.7,1.6,473.9,630.0,21,19,24,0.0,2026-03-16 11:53:51
Time calibration,CHG ON,DSG ON,BALANCE OFF,HEAT OFF,7,0,3.3,3.3,26.7,1.6,473.9,630.0,21,19,24,0.0,2026-03-16 11:53:52
Time calibration,CHG ON,DSG ON,BALANCE OFF,HEAT OFF,0,7,3.3,3.3,26.6,-0.9,474.4,630.0,21,19,24,0.0,2026-03-16 12:32:49
Time calibration,CHG ON,DSG ON,BALANCE OFF,HEAT OFF,0,7,3.3,3.3,26.6,-0.9,474.4,630.0,21,19,24,0.0,2026-03-16 12:32:50
Time calibration,CHG ON,DSG ON,BALANCE OFF,HEAT OFF,6,7,3.3,3.3,26.5,0.3,472.4,630.0,21,19,25,0.0,2026-03-16 12:54:20
Time calibration,CHG ON,DSG ON,BALANCE OFF,HEAT OFF,5,6,3.3,3.3,26.6,5.4,472.8,630.0,22,19,25,0.0,2026-03-16 13:04:10
Time calibration,CHG ON,DSG ON,BALANCE OFF,HEAT OFF,5,6,3.3,3.3,26.6,5.4,472.8,630.0,22,19,25,0.0,2026-03-16 13:04:11
Time calibration,CHG ON,DSG ON,BALANCE OFF,HEAT OFF,7,0,3.3,3.3,26.7,2.8,475.9,630.0,21,19,24,0.0,2026-03-16 13:46:47
Time calibration,CHG ON,DSG ON,BALANCE OFF,HEAT OFF,7,0,3.3,3.3,26.7,2.8,475.9,630.0,21,19,24,0.0,2026-03-16 13:46:48
Time calibration,CHG ON,DSG ON,BALANCE ON,HEAT OFF,7,0,3.4,3.3,26.8,14.8,477.7,630.0,22,20,24,0.0,2026-03-16 14:00:23
Time calibration,CHG ON,DSG ON,BALANCE ON,HEAT OFF,7,0,3.4,3.3,26.8,14.8,477.7,630.0,22,20,24,0.0,2026-03-16 14:00:24
Time calibration,CHG ON,DSG ON,BALANCE OFF,HEAT OFF,7,0,3.3,3.3,26.7,2.0,480.0,630.0,22,20,24,0.0,2026-03-16 14:22:51
Time calibration,CHG ON,DSG ON,BALANCE OFF,HEAT OFF,1,0,3.3,3.3,26.7,1.6,480.3,630.0,21,20,24,0.0,2026-03-16 14:36:27
Time calibration,CHG ON,DSG ON,BALANCE OFF,HEAT OFF,7,6,3.3,3.3,26.7,5.7,481.5,630.0,23,20,24,0.0,2026-03-16 14:55:07
Time calibration,CHG ON,DSG ON,BALANCE ON,HEAT OFF,7,0,3.4,3.3,26.8,13.4,482.8,630.0,22,20,23,0.0,2026-03-16 15:10:25
Time calibration,CHG ON,DSG ON,BALANCE ON,HEAT OFF,7,6,3.4,3.3,26.8,10.6,484.4,630.0,22,20,23,0.0,2026-03-16 15:19:02
Time calibration,CHG ON,DSG ON,BALANCE ON,HEAT OFF,3,7,3.3,3.3,26.8,0.7,490.3,630.0,22,20,26,0.0,2026-03-16 16:24:13
Time calibration,CHG ON,DSG ON,BALANCE ON,HEAT OFF,5,6,3.3,3.3,26.8,1.8,490.4,630.0,22,20,26,0.0,2026-03-16 16:30:58
Time calibration,CHG ON,DSG ON,BALANCE ON,HEAT OFF,1,6,3.3,3.3,26.7,0.8,490.8,630.0,22,20,26,0.0,2026-03-16 16:51:11
Time calibration,CHG ON,DSG ON,BALANCE ON,HEAT OFF,1,6,3.3,3.3,26.7,0.8,490.8,630.0,22,20,26,0.0,2026-03-16 16:51:12
Time calibration,CHG ON,DSG ON,BALANCE ON,HEAT OFF,1,7,3.3,3.3,26.7,-0.7,491.0,630.0,22,20,26,0.0,2026-03-16 17:11:18
Time calibration,CHG ON,DSG ON,BALANCE ON,HEAT OFF,1,7,3.3,3.3,26.7,-0.7,491.0,630.0,22,20,26,0.0,2026-03-16 17:11:19
Time calibration,CHG ON,DSG ON,BALANCE ON,HEAT OFF,2,7,3.3,3.3,26.7,-3.4,489.9,630.0,21,19,26,0.0,2026-03-16 17:56:53
Time calibration,CHG ON,DSG ON,BALANCE ON,HEAT OFF,4,7,3.3,3.3,26.6,0.0,489.0,630.0,20,19,24,0.0,2026-03-16 19:45:42
Time calibration,CHG ON,DSG ON,BALANCE ON,HEAT OFF,2,7,3.3,3.3,26.5,-1.8,486.1,630.0,20,19,25,0.0,2026-03-16 20:30:48
Time calibration,CHG ON,DSG ON,BALANCE OFF,HEAT OFF,0,7,3.3,3.3,26.4,-2.0,477.6,630.0,22,20,26,0.0,2026-03-17 00:41:36
Time calibration,CHG ON,DSG ON,BALANCE OFF,HEAT OFF,0,7,3.3,3.3,26.4,-2.0,477.6,630.0,22,20,26,0.0,2026-03-17 00:41:37
Time calibration,CHG ON,DSG ON,BALANCE OFF,HEAT OFF,4,7,3.3,3.3,26.4,0.0,474.4,630.0,17,17,16,0.0,2026-03-17 07:23:49
Time calibration,CHG ON,DSG ON,BALANCE OFF,HEAT OFF,4,7,3.3,3.3,26.4,0.0,474.4,630.0,17,17,16,0.0,2026-03-17 07:23:52
Time calibration,CHG ON,DSG ON,BALANCE OFF,HEAT OFF,3,7,3.3,3.3,26.4,3.7,472.5,630.0,17,17,18,0.0,2026-03-17 07:43:47
Time calibration,CHG ON,DSG ON,BALANCE OFF,HEAT OFF,5,6,3.3,3.3,26.4,2.0,472.7,630.0,17,17,18,0.0,2026-03-17 07:48:32
Time calibration,CHG ON,DSG ON,BALANCE OFF,HEAT OFF,5,6,3.3,3.3,26.4,5.1,473.2,630.0,17,17,17,0.0,2026-03-17 08:01:31
Time calibration,CHG ON,DSG ON,BALANCE OFF,HEAT OFF,7,6,3.3,3.3,26.5,5.5,474.6,630.0,17,16,17,0.0,2026-03-17 08:24:47
Time calibration,CHG ON,DSG ON,BALANCE ON,HEAT OFF,7,6,3.3,3.3,26.6,5.6,475.3,630.0,16,16,17,0.0,2026-03-17 08:32:52
Time calibration,CHG ON,DSG ON,BALANCE ON,HEAT OFF,7,6,3.3,3.3,26.6,5.2,476.8,630.0,16,16,17,0.0,2026-03-17 08:48:49
Time calibration,CHG ON,DSG ON,BALANCE ON,HEAT OFF,7,6,3.3,3.3,26.7,7.8,479.1,630.0,16,16,16,0.0,2026-03-17 09:08:17
Time calibration,CHG ON,DSG ON,BALANCE ON,HEAT OFF,7,6,3.3,3.3,26.7,5.0,480.6,630.0,16,16,18,0.0,2026-03-17 09:50:21
Time calibration,CHG ON,DSG ON,BALANCE ON,HEAT OFF,5,6,3.3,3.3,26.7,6.1,481.8,630.0,17,16,19,0.0,2026-03-17 10:03:00
Time calibration,CHG ON,DSG ON,BALANCE ON,HEAT OFF,7,6,3.4,3.3,26.8,12.3,484.0,630.0,16,16,17,0.0,2026-03-17 10:17:40
Time calibration,CHG ON,DSG ON,BALANCE ON,HEAT OFF,7,6,3.4,3.4,26.9,15.0,485.6,630.0,16,16,17,0.0,2026-03-17 10:26:15
Time calibration,CHG ON,DSG ON,BALANCE ON,HEAT OFF,7,6,3.4,3.4,27.1,25.3,495.3,630.0,18,16,20,0.0,2026-03-17 11:01:22
Time calibration,CHG ON,DSG ON,BALANCE ON,HEAT OFF,7,6,3.4,3.4,27.1,25.3,495.3,630.0,18,16,20,0.0,2026-03-17 11:01:23
Time calibration,CHG ON,DSG ON,BALANCE ON,HEAT OFF,1,6,3.4,3.4,26.9,7.2,496.7,630.0,17,16,20,0.0,2026-03-17 11:07:29
Time calibration,CHG ON,DSG ON,BALANCE ON,HEAT OFF,1,6,3.4,3.4,26.9,7.2,496.7,630.0,17,16,20,0.0,2026-03-17 11:07:30
Time calibration,CHG ON,DSG ON,BALANCE ON,HEAT OFF,7,6,3.4,3.4,27.0,14.7,516.1,630.0,21,17,25,0.0,2026-03-17 12:16:16
Time calibration,CHG ON,DSG ON,BALANCE OFF,HEAT OFF,5,6,3.4,3.4,26.9,4.5,517.4,630.0,19,17,25,0.0,2026-03-17 12:31:22
Time calibration,CHG ON,DSG ON,BALANCE ON,HEAT OFF,5,6,3.4,3.4,27.0,24.9,517.5,630.0,19,17,25,0.0,2026-03-17 12:31:49
Time calibration,CHG ON,DSG ON,BALANCE ON,HEAT OFF,7,0,3.4,3.4,27.0,25.3,534.8,630.0,22,18,26,0.0,2026-03-17 13:17:32
Time calibration,CHG ON,DSG ON,BALANCE OFF,HEAT OFF,1,0,3.4,3.4,26.8,1.5,544.6,630.0,21,18,27,0.0,2026-03-17 13:54:51
Time calibration,CHG ON,DSG ON,BALANCE ON,HEAT OFF,7,0,3.4,3.4,26.9,16.3,546.7,630.0,23,19,27,0.0,2026-03-17 14:11:29
Time calibration,CHG ON,DSG ON,BALANCE OFF,HEAT OFF,7,0,3.4,3.4,26.9,2.1,554.2,630.0,21,18,22,0.0,2026-03-17 14:50:00
Time calibration,CHG ON,DSG ON,BALANCE OFF,HEAT OFF,1,0,3.4,3.4,26.8,0.8,554.4,630.0,21,18,22,0.0,2026-03-17 15:04:34
Time calibration,CHG ON,DSG ON,BALANCE OFF,HEAT OFF,2,0,3.4,3.4,26.8,1.4,554.5,630.0,21,18,22,0.0,2026-03-17 15:10:04
Time calibration,CHG ON,DSG ON,BALANCE ON,HEAT OFF,7,6,3.4,3.4,26.9,11.7,558.4,630.0,20,18,20,0.0,2026-03-17 15:33:51
Time calibration,CHG ON,DSG ON,BALANCE OFF,HEAT OFF,7,0,3.4,3.4,26.9,2.5,561.1,630.0,20,18,20,0.0,2026-03-17 15:52:57
Time calibration,CHG ON,DSG ON,BALANCE OFF,HEAT OFF,4,7,3.3,3.3,26.8,-1.0,561.2,630.0,20,18,20,0.0,2026-03-17 16:06:01
Time calibration,CHG ON,DSG ON,BALANCE OFF,HEAT OFF,2,7,3.3,3.3,26.8,1.3,561.0,630.0,20,18,22,0.0,2026-03-17 16:19:07
Time calibration,CHG ON,DSG ON,BALANCE OFF,HEAT OFF,2,0,3.4,3.3,26.8,2.2,561.0,630.0,20,18,22,0.0,2026-03-17 16:25:31
Time calibration,CHG ON,DSG ON,BALANCE OFF,HEAT OFF,0,0,3.3,3.3,26.8,0.0,562.4,630.0,20,18,21,0.0,2026-03-17 17:04:52
Time calibration,CHG ON,DSG ON,BALANCE OFF,HEAT OFF,4,7,3.3,3.3,26.7,-1.7,548.3,630.0,19,17,22,0.0,2026-03-17 21:38:47
Time calibration,CHG ON,DSG ON,BALANCE OFF,HEAT OFF,4,7,3.3,3.3,26.7,-1.7,548.3,630.0,19,17,22,0.0,2026-03-17 21:38:49
Time calibration,CHG ON,DSG ON,BALANCE OFF,HEAT OFF,0,7,3.3,3.3,26.7,-1.5,546.7,630.0,20,18,25,0.0,2026-03-17 22:36:40
Time calibration,CHG ON,DSG ON,BALANCE OFF,HEAT OFF,4,7,3.3,3.3,26.7,-1.8,544.2,630.0,22,20,31,0.0,2026-03-17 23:56:26
Time calibration,CHG ON,DSG ON,BALANCE OFF,HEAT OFF,4,7,3.3,3.3,26.7,-2.0,540.5,630.0,22,20,29,0.0,2026-03-18 01:43:09
Time calibration,CHG ON,DSG ON,BALANCE OFF,HEAT OFF,4,0,3.3,3.3,26.7,0.0,539.2,630.0,18,18,18,0.0,2026-03-18 07:22:57
Time calibration,CHG ON,DSG ON,BALANCE OFF,HEAT OFF,0,6,3.3,3.3,26.7,0.0,539.2,630.0,18,18,18,0.0,2026-03-18 07:23:17
Time calibration,CHG ON,DSG ON,BALANCE OFF,HEAT OFF,0,6,3.3,3.3,26.7,0.0,539.2,630.0,18,18,18,0.0,2026-03-18 07:23:18
Time calibration,CHG ON,DSG ON,BALANCE OFF,HEAT OFF,3,6,3.3,3.3,26.7,0.7,539.4,630.0,18,18,17,0.0,2026-03-18 07:32:19
Time calibration,CHG ON,DSG ON,BALANCE OFF,HEAT OFF,7,6,3.3,3.3,26.7,1.8,539.7,630.0,17,17,17,0.0,2026-03-18 07:44:49
Time calibration,CHG ON,DSG ON,BALANCE OFF,HEAT OFF,7,6,3.3,3.3,26.7,1.8,539.7,630.0,17,17,17,0.0,2026-03-18 07:44:50
Time calibration,CHG ON,DSG ON,BALANCE OFF,HEAT OFF,7,6,3.3,3.3,26.8,3.4,540.1,630.0,18,17,17,0.0,2026-03-18 07:55:37
Time calibration,CHG ON,DSG ON,BALANCE ON,HEAT OFF,7,6,3.4,3.4,26.9,5.2,546.8,630.0,16,16,15,0.0,2026-03-18 09:20:20
Time calibration,CHG ON,DSG ON,BALANCE OFF,HEAT OFF,7,6,3.4,3.4,26.9,5.5,546.5,630.0,16,16,17,0.0,2026-03-18 09:40:55
Time calibration,CHG ON,DSG ON,BALANCE OFF,HEAT OFF,7,6,3.4,3.4,26.9,4.6,547.0,630.0,16,16,17,0.0,2026-03-18 09:49:46
Time calibration,CHG ON,DSG ON,BALANCE ON,HEAT OFF,7,6,3.4,3.4,27.0,11.7,551.3,630.0,16,16,16,0.0,2026-03-18 10:21:56
Time calibration,CHG ON,DSG ON,BALANCE ON,HEAT OFF,7,6,3.4,3.4,27.0,15.9,556.8,630.0,16,16,17,0.0,2026-03-18 10:47:04
Time calibration,CHG ON,DSG ON,BALANCE ON,HEAT OFF,7,6,3.4,3.4,27.1,17.8,557.7,630.0,16,16,17,0.0,2026-03-18 10:50:13
Time calibration,CHG ON,DSG ON,BALANCE ON,HEAT OFF,7,4,3.4,3.4,27.1,22.8,571.7,630.0,19,17,21,0.0,2026-03-18 11:30:41
Time calibration,CHG ON,DSG ON,BALANCE ON,HEAT OFF,7,0,3.4,3.4,27.1,24.9,583.3,630.0,20,18,24,0.0,2026-03-18 11:58:41
Time calibration,CHG ON,DSG ON,BALANCE ON,HEAT OFF,7,0,3.4,3.4,27.1,24.9,593.2,630.0,21,19,25,0.0,2026-03-18 12:22:33
Time calibration,CHG ON,DSG ON,BALANCE ON,HEAT OFF,7,0,3.4,3.4,27.1,25.0,594.5,630.0,22,19,25,0.0,2026-03-18 12:25:39
Time calibration,CHG ON,DSG ON,BALANCE ON,HEAT OFF,7,0,3.4,3.4,27.1,26.4,598.5,630.0,21,18,26,0.0,2026-03-18 12:35:12
Time calibration,CHG ON,DSG ON,BALANCE ON,HEAT OFF,7,0,3.4,3.4,27.1,26.4,602.2,630.0,21,18,26,0.0,2026-03-18 12:43:38
Time calibration,CHG ON,DSG ON,BALANCE ON,HEAT OFF,7,0,3.4,3.4,27.1,26.4,602.4,630.0,21,18,26,0.0,2026-03-18 12:43:58
Time calibration,CHG ON,DSG ON,BALANCE ON,HEAT OFF,7,0,3.4,3.4,27.1,23.0,614.9,630.0,22,18,28,0.0,2026-03-18 13:14:37
Time calibration,CHG ON,DSG ON,BALANCE ON,HEAT OFF,7,0,3.4,3.4,27.1,23.0,614.9,630.0,22,18,28,0.0,2026-03-18 13:14:39
Time calibration,CHG ON,DSG ON,BALANCE ON,HEAT OFF,7,0,3.4,3.4,27.1,23.1,618.8,630.0,22,19,28,0.0,2026-03-18 13:25:04
Time calibration,CHG ON,DSG ON,BALANCE ON,HEAT OFF,7,0,3.4,3.4,27.1,22.4,622.3,630.0,23,19,29,0.0,2026-03-18 13:34:24
Time calibration,CHG ON,DSG ON,BALANCE ON,HEAT OFF,7,0,3.4,3.4,27.0,13.9,623.7,630.0,24,19,29,0.0,2026-03-18 14:18:59
Time calibration,CHG ON,DSG ON,BALANCE ON,HEAT OFF,7,0,3.4,3.4,26.9,4.9,623.7,630.0,24,20,30,0.0,2026-03-18 14:28:58
Time calibration,CHG ON,DSG ON,BALANCE ON,HEAT OFF,7,0,3.4,3.4,26.9,1.6,623.7,630.0,24,20,28,0.0,2026-03-18 15:19:01
Time calibration,CHG ON,DSG ON,BALANCE ON,HEAT OFF,7,0,3.4,3.4,26.9,6.4,623.7,630.0,23,20,27,0.0,2026-03-18 15:56:22
Time calibration,CHG ON,DSG ON,BALANCE ON,HEAT OFF,7,0,3.4,3.4,26.9,6.4,623.7,630.0,23,20,27,0.0,2026-03-18 15:56:23
Time calibration,CHG ON,DSG ON,BALANCE ON,HEAT OFF,7,0,3.4,3.4,26.8,1.9,623.7,630.0,23,20,29,0.0,2026-03-18 16:24:31
Time calibration,CHG ON,DSG ON,BALANCE ON,HEAT OFF,7,0,3.4,3.4,26.8,1.9,623.7,630.0,23,20,29,0.0,2026-03-18 16:24:32
Time calibration,CHG ON,DSG ON,BALANCE OFF,HEAT OFF,6,7,3.3,3.3,26.8,-1.5,623.2,630.0,23,21,28,0.0,2026-03-18 17:15:56
Time calibration,CHG ON,DSG ON,BALANCE OFF,HEAT OFF,4,7,3.3,3.3,26.7,-2.2,621.1,630.0,23,21,28,0.0,2026-03-18 18:28:03
Time calibration,CHG ON,DSG ON,BALANCE OFF,HEAT OFF,4,7,3.3,3.3,26.7,-1.7,610.9,630.0,21,20,23,0.0,2026-03-18 23:08:19
Time calibration,CHG ON,DSG ON,BALANCE OFF,HEAT OFF,0,7,3.3,3.3,26.7,0.0,608.8,630.0,20,19,22,0.0,2026-03-19 00:25:28
Time calibration,CHG ON,DSG ON,BALANCE OFF,HEAT OFF,0,7,3.3,3.3,26.7,0.0,608.8,630.0,20,19,22,0.0,2026-03-19 00:25:29
Time calibration,CHG ON,DSG ON,BALANCE OFF,HEAT OFF,0,6,3.3,3.3,26.7,0.0,608.7,630.0,16,16,16,0.0,2026-03-19 05:19:06
Time calibration,CHG ON,DSG ON,BALANCE OFF,HEAT OFF,3,6,3.3,3.3,26.7,0.0,608.7,630.0,14,14,14,0.0,2026-03-19 07:35:03
Time calibration,CHG ON,DSG ON,BALANCE OFF,HEAT OFF,3,6,3.3,3.3,26.7,0.0,608.7,630.0,14,14,14,0.0,2026-03-19 07:35:07
Time calibration,CHG ON,DSG ON,BALANCE OFF,HEAT OFF,0,1,3.3,3.3,26.7,-2.0,608.6,630.0,14,13,14,0.0,2026-03-19 07:50:46
Time calibration,CHG ON,DSG ON,BALANCE OFF,HEAT OFF,0,1,3.3,3.3,26.7,-2.0,608.6,630.0,14,13,14,0.0,2026-03-19 07:50:47
Time calibration,CHG ON,DSG ON,BALANCE OFF,HEAT OFF,3,6,3.3,3.3,26.7,2.7,608.7,630.0,14,13,14,0.0,2026-03-19 07:51:11
Time calibration,CHG ON,DSG ON,BALANCE OFF,HEAT OFF,3,6,3.3,3.3,26.7,2.7,608.7,630.0,14,13,14,0.0,2026-03-19 07:51:12
Time calibration,CHG ON,DSG ON,BALANCE ON,HEAT OFF,6,7,3.3,3.3,26.4,-35.3,604.3,630.0,14,14,16,0.0,2026-03-19 08:06:29
Time calibration,CHG ON,DSG ON,BALANCE ON,HEAT OFF,6,7,3.3,3.3,26.3,-37.0,597.2,630.0,15,14,19,0.0,2026-03-19 08:32:32
Time calibration,CHG ON,DSG ON,BALANCE ON,HEAT OFF,6,7,3.3,3.3,26.3,-37.0,597.2,630.0,15,14,19,0.0,2026-03-19 08:32:33
Time calibration,CHG ON,DSG ON,BALANCE ON,HEAT OFF,4,7,3.3,3.3,26.3,-34.3,582.5,630.0,17,15,22,0.0,2026-03-19 09:09:23
Time calibration,CHG ON,DSG ON,BALANCE ON,HEAT OFF,4,7,3.3,3.3,26.3,-34.3,582.5,630.0,17,15,22,0.0,2026-03-19 09:09:24
Time calibration,CHG ON,DSG ON,BALANCE ON,HEAT OFF,4,7,3.3,3.3,26.4,-34.1,582.4,630.0,17,15,22,0.0,2026-03-19 09:09:51
Time calibration,CHG ON,DSG ON,BALANCE ON,HEAT OFF,4,7,3.3,3.3,26.4,-34.1,582.4,630.0,17,15,22,0.0,2026-03-19 09:09:52
Time calibration,CHG ON,DSG ON,BALANCE ON,HEAT OFF,5,7,3.3,3.3,26.5,4.2,580.2,630.0,17,15,23,0.0,2026-03-19 09:15:31
Time calibration,CHG ON,DSG ON,BALANCE ON,HEAT OFF,1,5,3.3,3.3,26.2,-70.1,579.8,630.0,17,15,23,0.0,2026-03-19 09:15:50
Time calibration,CHG ON,DSG ON,BALANCE ON,HEAT OFF,1,5,3.3,3.3,26.2,-70.1,579.8,630.0,17,15,23,0.0,2026-03-19 09:15:51
Time calibration,CHG ON,DSG ON,BALANCE ON,HEAT OFF,6,7,3.3,3.3,26.5,5.2,579.6,630.0,17,15,24,0.0,2026-03-19 09:16:18
Time calibration,CHG ON,DSG ON,BALANCE ON,HEAT OFF,6,7,3.3,3.3,26.5,5.2,579.6,630.0,17,15,24,0.0,2026-03-19 09:16:19
Time calibration,CHG ON,DSG ON,BALANCE ON,HEAT OFF,6,7,3.3,3.2,26.0,-89.1,579.5,630.0,17,15,24,0.0,2026-03-19 09:16:51
Time calibration,CHG ON,DSG ON,BALANCE OFF,HEAT OFF,5,4,3.3,3.3,26.7,6.4,581.2,630.0,16,15,20,0.0,2026-03-19 09:47:42
Time calibration,CHG ON,DSG ON,BALANCE ON,HEAT OFF,7,0,3.4,3.3,26.8,12.2,585.4,630.0,17,15,20,0.0,2026-03-19 10:19:07
Time calibration,CHG ON,DSG ON,BALANCE ON,HEAT OFF,7,6,3.4,3.4,27.2,26.2,617.0,630.0,21,18,25,0.0,2026-03-19 11:51:24
Time calibration,CHG ON,DSG ON,BALANCE ON,HEAT OFF,7,6,3.4,3.4,27.2,26.2,617.0,630.0,21,18,25,0.0,2026-03-19 11:51:25
Time calibration,CHG ON,DSG ON,BALANCE ON,HEAT OFF,0,7,3.3,3.3,26.6,-13.5,609.3,630.0,20,17,25,0.0,2026-03-19 12:15:53
Time calibration,CHG ON,DSG ON,BALANCE ON,HEAT OFF,5,1,3.3,3.3,26.6,-12.5,604.0,630.0,20,17,24,0.0,2026-03-19 12:42:51
Time calibration,CHG ON,DSG ON,BALANCE ON,HEAT OFF,5,1,3.3,3.3,26.6,-12.5,604.0,630.0,20,17,24,0.0,2026-03-19 12:42:52
Time calibration,CHG ON,DSG ON,BALANCE ON,HEAT OFF,6,7,3.3,3.2,26.3,-55.8,600.4,630.0,20,17,25,0.0,2026-03-19 12:55:59
Time calibration,CHG ON,DSG ON,BALANCE OFF,HEAT OFF,5,7,3.3,3.3,26.7,1.8,579.6,630.0,21,19,25,0.0,2026-03-19 16:34:41
Time calibration,CHG ON,DSG ON,BALANCE OFF,HEAT OFF,5,7,3.3,3.3,26.7,1.8,579.6,630.0,21,19,25,0.0,2026-03-19 16:34:42
Time calibration,CHG ON,DSG ON,BALANCE OFF,HEAT OFF,0,7,3.3,3.3,26.7,-1.4,579.5,630.0,21,19,26,0.0,2026-03-19 17:24:30
Time calibration,CHG ON,DSG ON,BALANCE OFF,HEAT OFF,0,7,3.3,3.3,26.6,-1.8,569.9,630.0,26,21,32,0.0,2026-03-19 21:11:00
Time calibration,CHG ON,DSG ON,BALANCE OFF,HEAT OFF,0,1,3.3,3.3,26.7,0.0,569.7,630.0,24,22,30,0.0,2026-03-19 23:25:54
Time calibration,CHG ON,DSG ON,BALANCE ON,HEAT OFF,1,7,3.3,3.3,26.3,-42.7,561.3,630.0,20,20,22,0.0,2026-03-20 06:25:45
Time calibration,CHG ON,DSG ON,BALANCE ON,HEAT OFF,1,7,3.3,3.3,26.3,-42.7,561.3,630.0,20,20,22,0.0,2026-03-20 06:25:46
Time calibration,CHG ON,DSG ON,BALANCE ON,HEAT OFF,4,7,3.3,3.3,26.3,-43.9,550.9,630.0,20,20,24,0.0,2026-03-20 06:46:09
Time calibration,CHG ON,DSG ON,BALANCE ON,HEAT OFF,4,7,3.3,3.3,26.3,-43.9,550.9,630.0,20,20,24,0.0,2026-03-20 06:46:10
Time calibration,CHG ON,DSG ON,BALANCE ON,HEAT OFF,0,5,3.3,3.3,26.3,-40.3,545.0,630.0,20,20,25,0.0,2026-03-20 06:58:18
Time calibration,CHG ON,DSG ON,BALANCE OFF,HEAT OFF,0,7,3.3,3.3,26.6,-0.3,541.8,630.0,19,19,23,0.0,2026-03-20 07:24:36
Time calibration,CHG ON,DSG ON,BALANCE OFF,HEAT OFF,1,0,3.3,3.3,26.6,2.7,539.9,630.0,19,19,23,0.0,2026-03-20 07:47:44
Time calibration,CHG ON,DSG ON,BALANCE OFF,HEAT OFF,1,0,3.3,3.3,26.6,2.7,539.9,630.0,19,19,23,0.0,2026-03-20 07:47:45
Time calibration,CHG ON,DSG ON,BALANCE OFF,HEAT OFF,1,4,3.3,3.3,26.7,1.2,540.9,630.0,19,19,22,0.0,2026-03-20 08:20:31
Time calibration,CHG ON,DSG ON,BALANCE OFF,HEAT OFF,7,6,3.3,3.3,26.7,9.4,541.8,630.0,21,19,24,0.0,2026-03-20 09:16:59
Time calibration,CHG ON,DSG ON,BALANCE ON,HEAT OFF,7,6,3.4,3.3,26.8,9.0,544.8,630.0,22,20,27,0.0,2026-03-20 09:36:42
Time calibration,CHG ON,DSG ON,BALANCE ON,HEAT OFF,7,6,3.4,3.3,26.8,9.0,544.8,630.0,22,20,27,0.0,2026-03-20 09:36:43
Time calibration,CHG ON,DSG ON,BALANCE ON,HEAT OFF,7,6,3.4,3.4,26.9,16.8,557.4,630.0,26,21,34,0.0,2026-03-20 10:45:00
Time calibration,CHG ON,DSG ON,BALANCE ON,HEAT OFF,7,6,3.4,3.4,27.0,27.3,576.7,630.0,27,24,33,0.0,2026-03-20 11:52:02
Time calibration,CHG ON,DSG ON,BALANCE ON,HEAT OFF,7,6,3.4,3.4,27.0,25.0,585.2,630.0,26,23,28,0.0,2026-03-20 12:12:34
Time calibration,CHG ON,DSG ON,BALANCE ON,HEAT OFF,7,6,3.4,3.4,27.0,25.0,585.2,630.0,26,23,28,0.0,2026-03-20 12:12:35
Time calibration,CHG ON,DSG ON,BALANCE ON,HEAT OFF,7,6,3.4,3.4,27.1,24.1,599.9,630.0,27,24,29,0.0,2026-03-20 12:47:58
Time calibration,CHG ON,DSG ON,BALANCE ON,HEAT OFF,7,6,3.4,3.4,27.1,24.1,599.9,630.0,27,24,29,0.0,2026-03-20 12:47:59
Time calibration,CHG ON,DSG ON,BALANCE OFF,HEAT OFF,7,0,3.4,3.4,26.9,3.6,606.4,630.0,26,24,32,0.0,2026-03-20 14:04:07
Time calibration,CHG ON,DSG ON,BALANCE OFF,HEAT OFF,7,3,3.4,3.4,26.9,2.1,610.8,630.0,26,24,31,0.0,2026-03-20 15:25:43
Time calibration,CHG ON,DSG ON,BALANCE OFF,HEAT OFF,6,3,3.4,3.3,26.8,-1.5,612.0,630.0,26,24,30,0.0,2026-03-20 16:11:27
Time calibration,CHG ON,DSG ON,BALANCE ON,HEAT OFF,4,7,3.3,3.3,26.6,-1.6,605.7,630.0,26,24,30,0.0,2026-03-20 16:58:26
Time calibration,CHG ON,DSG ON,BALANCE OFF,HEAT OFF,0,7,3.3,3.3,26.7,-2.2,589.0,630.0,18,18,18,0.0,2026-03-21 06:10:08
Time calibration,CHG ON,DSG ON,BALANCE OFF,HEAT OFF,0,7,3.3,3.3,26.7,-2.2,589.0,630.0,18,18,18,0.0,2026-03-21 06:10:10
Time calibration,CHG ON,DSG ON,BALANCE OFF,HEAT OFF,6,7,3.3,3.3,26.6,-2.0,584.3,630.0,18,18,21,0.0,2026-03-21 06:42:27
Time calibration,CHG ON,DSG ON,BALANCE OFF,HEAT OFF,7,2,3.3,3.3,26.6,1.3,580.3,630.0,18,17,22,0.0,2026-03-21 08:54:56
Time calibration,CHG ON,DSG ON,BALANCE OFF,HEAT OFF,7,6,3.3,3.3,26.7,2.4,583.3,630.0,20,19,29,0.0,2026-03-21 11:23:54
Time calibration,CHG ON,DSG ON,BALANCE ON,HEAT OFF,7,6,3.4,3.3,26.8,5.6,585.5,630.0,20,19,30,0.0,2026-03-21 11:58:26
Time calibration,CHG ON,DSG ON,BALANCE ON,HEAT OFF,7,6,3.4,3.3,26.8,5.6,585.5,630.0,20,19,30,0.0,2026-03-21 11:58:27
Time calibration,CHG ON,DSG ON,BALANCE ON,HEAT OFF,7,6,3.4,3.4,26.9,10.0,587.1,630.0,22,19,28,0.0,2026-03-21 12:10:34
Time calibration,CHG ON,DSG ON,BALANCE ON,HEAT OFF,7,6,3.4,3.4,26.9,10.0,587.1,630.0,22,19,28,0.0,2026-03-21 12:10:35
Time calibration,CHG ON,DSG ON,BALANCE OFF,HEAT OFF,7,6,3.4,3.4,26.9,7.0,592.3,630.0,23,20,29,0.0,2026-03-21 12:42:51
Time calibration,CHG ON,DSG ON,BALANCE ON,HEAT OFF,7,6,3.4,3.4,27.0,14.0,595.6,630.0,24,20,28,0.0,2026-03-21 13:20:14
Time calibration,CHG ON,DSG ON,BALANCE ON,HEAT OFF,7,6,3.4,3.4,27.0,14.0,595.6,630.0,24,20,28,0.0,2026-03-21 13:20:15
Time calibration,CHG ON,DSG ON,BALANCE ON,HEAT OFF,7,6,3.4,3.4,27.0,19.3,600.0,630.0,25,20,30,0.0,2026-03-21 13:34:17
Time calibration,CHG ON,DSG ON,BALANCE OFF,HEAT OFF,7,6,3.4,3.4,27.0,7.0,606.8,630.0,22,20,24,0.0,2026-03-21 14:05:51
Time calibration,CHG ON,DSG ON,BALANCE OFF,HEAT OFF,7,6,3.4,3.4,27.0,7.0,606.8,630.0,22,20,24,0.0,2026-03-21 14:05:52
Time calibration,CHG ON,DSG ON,BALANCE ON,HEAT OFF,7,6,3.4,3.4,27.0,11.1,608.8,630.0,22,20,23,0.0,2026-03-21 14:18:58
Time calibration,CHG ON,DSG ON,BALANCE ON,HEAT OFF,7,6,3.4,3.4,27.0,11.1,608.8,630.0,22,20,23,0.0,2026-03-21 14:18:59
Time calibration,CHG ON,DSG ON,BALANCE ON,HEAT OFF,7,0,3.4,3.4,27.0,9.2,613.8,630.0,21,20,22,0.0,2026-03-21 14:47:49
Time calibration,CHG ON,DSG ON,BALANCE ON,HEAT OFF,7,0,3.4,3.4,27.0,9.2,613.8,630.0,21,20,22,0.0,2026-03-21 14:47:50
Time calibration,CHG ON,DSG ON,BALANCE OFF,HEAT OFF,7,0,3.4,3.4,26.9,3.3,618.2,630.0,21,20,25,0.0,2026-03-21 16:03:16
Time calibration,CHG ON,DSG ON,BALANCE OFF,HEAT OFF,7,0,3.4,3.4,26.9,3.3,618.2,630.0,21,20,25,0.0,2026-03-21 16:03:19
Time calibration,CHG ON,DSG ON,BALANCE ON,HEAT OFF,7,0,3.4,3.4,26.9,4.6,619.4,630.0,21,20,26,0.0,2026-03-21 16:26:24
Time calibration,CHG ON,DSG ON,BALANCE OFF,HEAT OFF,7,0,3.4,3.4,26.9,0.7,620.2,630.0,22,20,27,0.0,2026-03-21 16:57:17
Time calibration,CHG ON,DSG ON,BALANCE ON,HEAT OFF,2,5,3.3,3.3,26.6,-33.7,616.6,630.0,21,20,27,0.0,2026-03-21 17:54:52
Time calibration,CHG ON,DSG ON,BALANCE OFF,HEAT OFF,6,7,3.3,3.3,26.6,-2.0,605.6,630.0,21,19,25,0.0,2026-03-21 19:10:07
Time calibration,CHG ON,DSG ON,BALANCE OFF,HEAT OFF,0,7,3.3,3.3,26.7,-1.5,604.1,630.0,21,19,23,0.0,2026-03-21 19:55:21
Time calibration,CHG ON,DSG ON,BALANCE ON,HEAT OFF,6,7,3.3,3.3,26.6,-2.0,596.3,630.0,20,20,22,0.0,2026-03-22 04:41:23
Time calibration,CHG ON,DSG ON,BALANCE OFF,HEAT OFF,6,7,3.3,3.3,26.6,-1.8,595.8,630.0,19,19,22,0.0,2026-03-22 04:56:17
Time calibration,CHG ON,DSG ON,BALANCE OFF,HEAT OFF,6,7,3.3,3.3,26.6,-1.7,595.1,630.0,19,19,22,0.0,2026-03-22 05:16:48
Time calibration,CHG ON,DSG ON,BALANCE ON,HEAT OFF,4,7,3.3,3.2,26.2,-62.6,591.7,630.0,20,19,24,0.0,2026-03-22 06:51:13
Time calibration,CHG ON,DSG ON,BALANCE ON,HEAT OFF,6,7,3.3,3.3,26.3,-61.8,591.1,630.0,20,19,25,0.0,2026-03-22 06:51:48
Time calibration,CHG ON,DSG ON,BALANCE ON,HEAT OFF,6,7,3.3,3.3,26.5,-0.3,590.7,630.0,20,20,25,0.0,2026-03-22 06:52:14
Time calibration,CHG ON,DSG ON,BALANCE OFF,HEAT OFF,6,7,3.3,3.3,26.6,1.8,590.8,630.0,19,19,26,0.0,2026-03-22 07:02:26
Time calibration,CHG ON,DSG ON,BALANCE OFF,HEAT OFF,7,1,3.3,3.3,26.7,2.1,591.3,630.0,19,19,27,0.0,2026-03-22 07:25:09
Time calibration,CHG ON,DSG ON,BALANCE OFF,HEAT OFF,7,1,3.3,3.3,26.7,2.1,591.3,630.0,19,19,27,0.0,2026-03-22 07:25:10
Time calibration,CHG ON,DSG ON,BALANCE OFF,HEAT OFF,7,6,3.3,3.3,26.7,3.6,592.7,630.0,20,19,29,0.0,2026-03-22 08:03:57
Time calibration,CHG ON,DSG ON,BALANCE OFF,HEAT OFF,7,6,3.3,3.3,26.7,3.6,592.7,630.0,20,19,29,0.0,2026-03-22 08:03:58
Time calibration,CHG ON,DSG ON,BALANCE OFF,HEAT OFF,7,6,3.4,3.3,26.8,4.3,596.1,630.0,20,20,30,0.0,2026-03-22 08:53:40
Time calibration,CHG ON,DSG ON,BALANCE OFF,HEAT OFF,7,6,3.4,3.3,26.8,4.3,596.1,630.0,20,20,30,0.0,2026-03-22 08:53:42
Time calibration,CHG ON,DSG ON,BALANCE ON,HEAT OFF,7,6,3.4,3.4,26.9,5.6,600.4,630.0,21,20,29,0.0,2026-03-22 09:44:05
Time calibration,CHG ON,DSG ON,BALANCE ON,HEAT OFF,5,6,3.4,3.4,27.0,10.0,604.3,630.0,21,20,26,0.0,2026-03-22 10:15:17
Time calibration,CHG ON,DSG ON,BALANCE ON,HEAT OFF,7,6,3.4,3.4,27.1,20.6,616.4,630.0,21,19,23,0.0,2026-03-22 11:01:59
Time calibration,CHG ON,DSG ON,BALANCE ON,HEAT OFF,7,6,3.4,3.4,27.1,20.6,616.4,630.0,21,19,23,0.0,2026-03-22 11:02:00
Time calibration,CHG ON,DSG ON,BALANCE ON,HEAT OFF,7,4,3.4,3.4,27.1,20.8,619.2,630.0,21,19,23,0.0,2026-03-22 11:10:20
Time calibration,CHG ON,DSG ON,BALANCE ON,HEAT OFF,7,4,3.4,3.4,27.1,20.8,619.2,630.0,21,19,23,0.0,2026-03-22 11:10:21
Time calibration,CHG ON,DSG ON,BALANCE ON,HEAT OFF,7,4,3.4,3.4,27.0,24.1,622.1,630.0,21,19,24,0.0,2026-03-22 11:31:37
Time calibration,CHG ON,DSG ON,BALANCE ON,HEAT OFF,7,4,3.4,3.4,27.0,24.1,622.1,630.0,21,19,24,0.0,2026-03-22 11:31:38
Time calibration,CHG ON,DSG ON,BALANCE ON,HEAT OFF,7,4,3.4,3.4,27.1,25.3,627.7,630.0,21,19,24,0.0,2026-03-22 11:58:51
Time calibration,CHG ON,DSG ON,BALANCE ON,HEAT OFF,7,0,3.5,3.4,27.3,25.2,627.7,630.0,21,19,24,0.0,2026-03-22 12:10:04
Time calibration,CHG ON,DSG ON,BALANCE ON,HEAT OFF,6,7,3.3,3.3,26.6,-6.1,618.9,630.0,21,19,25,0.0,2026-03-22 12:45:06
Time calibration,CHG ON,DSG ON,BALANCE ON,HEAT OFF,6,7,3.3,3.3,26.6,-6.3,618.9,630.0,21,19,25,0.0,2026-03-22 12:45:22
Time calibration,CHG ON,DSG ON,BALANCE OFF,HEAT OFF,3,6,3.4,3.4,26.8,6.6,618.9,630.0,22,20,25,0.0,2026-03-22 14:18:05
Time calibration,CHG ON,DSG ON,BALANCE ON,HEAT OFF,6,5,3.3,3.3,26.4,-29.5,613.6,630.0,22,20,27,0.0,2026-03-22 14:40:47
Time calibration,CHG ON,DSG ON,BALANCE ON,HEAT OFF,4,7,3.3,3.2,26.0,-112.8,613.0,630.0,22,20,27,0.0,2026-03-22 14:41:42
Time calibration,CHG ON,DSG ON,BALANCE ON,HEAT OFF,6,7,3.3,3.2,26.1,-104.6,611.8,630.0,23,21,28,0.0,2026-03-22 14:42:35
Time calibration,CHG ON,DSG ON,BALANCE ON,HEAT OFF,6,7,3.3,3.2,26.2,-76.6,610.6,630.0,23,21,30,0.0,2026-03-22 14:43:36
Time calibration,CHG ON,DSG ON,BALANCE ON,HEAT OFF,6,7,3.3,3.2,26.2,-76.6,610.6,630.0,23,21,30,0.0,2026-03-22 14:43:37
Time calibration,CHG ON,DSG ON,BALANCE ON,HEAT OFF,6,5,3.3,3.2,26.3,-75.8,606.6,630.0,23,21,29,0.0,2026-03-22 14:50:01
Time calibration,CHG ON,DSG ON,BALANCE ON,HEAT OFF,6,5,3.3,3.2,26.3,-75.8,606.6,630.0,23,21,29,0.0,2026-03-22 14:50:02
Time calibration,CHG ON,DSG ON,BALANCE OFF,HEAT OFF,6,7,3.3,3.3,26.6,-1.4,595.6,630.0,22,20,23,0.0,2026-03-22 15:29:32
Time calibration,CHG ON,DSG ON,BALANCE OFF,HEAT OFF,6,7,3.3,3.3,26.6,-2.3,593.5,630.0,22,21,23,0.0,2026-03-22 16:13:11
Time calibration,CHG ON,DSG ON,BALANCE OFF,HEAT OFF,6,7,3.3,3.3,26.6,-2.3,593.5,630.0,22,21,23,0.0,2026-03-22 16:13:12
Time calibration,CHG ON,DSG ON,BALANCE ON,HEAT OFF,6,7,3.3,3.3,26.6,-2.5,592.4,630.0,22,20,25,0.0,2026-03-22 16:39:02
Time calibration,CHG ON,DSG ON,BALANCE ON,HEAT OFF,6,7,3.3,3.3,26.6,-2.5,592.4,630.0,22,20,25,0.0,2026-03-22 16:39:03
Time calibration,CHG ON,DSG ON,BALANCE OFF,HEAT OFF,6,7,3.3,3.3,26.6,-1.8,583.4,630.0,22,20,26,0.0,2026-03-22 18:57:49
Time calibration,CHG ON,DSG ON,BALANCE OFF,HEAT OFF,1,0,3.3,3.3,26.7,0.0,573.7,630.0,17,17,17,0.0,2026-03-23 06:30:47
Time calibration,CHG ON,DSG ON,BALANCE OFF,HEAT OFF,1,0,3.3,3.3,26.7,0.0,573.7,630.0,17,17,17,0.0,2026-03-23 06:30:49
Time calibration,CHG ON,DSG ON,BALANCE ON,HEAT OFF,6,7,3.3,3.3,26.5,-1.6,568.1,630.0,18,17,20,0.0,2026-03-23 06:43:06
Time calibration,CHG ON,DSG ON,BALANCE OFF,HEAT OFF,1,4,3.3,3.3,26.6,1.4,568.3,630.0,17,17,18,0.0,2026-03-23 07:28:44
Time calibration,CHG ON,DSG ON,BALANCE OFF,HEAT OFF,7,6,3.3,3.3,26.7,2.6,569.4,630.0,17,17,20,0.0,2026-03-23 08:00:17
Time calibration,CHG ON,DSG ON,BALANCE ON,HEAT OFF,6,5,3.3,3.3,26.3,-56.8,569.7,630.0,19,18,23,0.0,2026-03-23 08:21:38
Time calibration,CHG ON,DSG ON,BALANCE OFF,HEAT OFF,7,6,3.4,3.3,26.8,5.6,572.0,630.0,20,18,27,0.0,2026-03-23 09:03:42
Time calibration,CHG ON,DSG ON,BALANCE ON,HEAT OFF,7,6,3.4,3.4,26.9,7.5,577.7,630.0,22,18,28,0.0,2026-03-23 09:54:53
Time calibration,CHG ON,DSG ON,BALANCE ON,HEAT OFF,7,6,3.4,3.4,26.9,7.5,577.7,630.0,22,18,28,0.0,2026-03-23 09:54:54
Time calibration,CHG ON,DSG ON,BALANCE ON,HEAT OFF,7,6,3.4,3.4,26.9,11.1,580.8,630.0,22,18,27,0.0,2026-03-23 10:15:51
Time calibration,CHG ON,DSG ON,BALANCE ON,HEAT OFF,6,7,3.4,3.3,26.6,-26.5,592.4,630.0,22,19,27,0.0,2026-03-23 11:08:04
Time calibration,CHG ON,DSG ON,BALANCE ON,HEAT OFF,6,7,3.4,3.3,26.6,-26.5,592.4,630.0,22,19,27,0.0,2026-03-23 11:08:05
Time calibration,CHG ON,DSG ON,BALANCE ON,HEAT OFF,1,7,3.3,3.3,26.7,-25.5,591.9,630.0,22,19,27,0.0,2026-03-23 11:09:02
Time calibration,CHG ON,DSG ON,BALANCE ON,HEAT OFF,7,6,3.4,3.4,27.1,24.2,604.3,630.0,23,19,28,0.0,2026-03-23 12:42:04
Time calibration,CHG ON,DSG ON,BALANCE ON,HEAT OFF,7,0,3.4,3.4,27.0,8.5,623.7,630.0,24,20,30,0.0,2026-03-23 14:01:19
Time calibration,CHG ON,DSG ON,BALANCE ON,HEAT OFF,7,0,3.5,3.4,27.1,10.0,623.7,630.0,25,21,28,0.0,2026-03-23 15:16:45
Time calibration,CHG ON,DSG ON,BALANCE ON,HEAT OFF,7,0,3.4,3.4,27.0,6.3,623.7,630.0,24,21,27,0.0,2026-03-23 15:56:08
Time calibration,CHG ON,DSG ON,BALANCE ON,HEAT OFF,7,0,3.4,3.4,27.0,5.2,623.7,630.0,24,21,28,0.0,2026-03-23 16:03:38
Time calibration,CHG ON,DSG ON,BALANCE OFF,HEAT OFF,6,7,3.3,3.3,26.7,-2.2,621.6,630.0,21,20,23,0.0,2026-03-23 19:51:02
Time calibration,CHG ON,DSG ON,BALANCE OFF,HEAT OFF,0,1,3.3,3.3,26.7,0.0,608.9,630.0,19,19,18,0.0,2026-03-24 05:51:17
Time calibration,CHG ON,DSG ON,BALANCE OFF,HEAT OFF,0,1,3.3,3.3,26.7,0.0,608.9,630.0,19,19,18,0.0,2026-03-24 05:51:19
Time calibration,CHG ON,DSG ON,BALANCE ON,HEAT OFF,1,7,3.3,3.3,26.4,-35.2,550.5,630.0,22,20,27,0.0,2026-03-24 08:02:08
Time calibration,CHG ON,DSG ON,BALANCE ON,HEAT OFF,1,7,3.3,3.3,26.4,-35.2,550.5,630.0,22,20,27,0.0,2026-03-24 08:02:09
Time calibration,CHG ON,DSG ON,BALANCE OFF,HEAT OFF,1,4,3.3,3.3,26.7,5.5,549.6,630.0,22,19,27,0.0,2026-03-24 08:27:03
Time calibration,CHG ON,DSG ON,BALANCE OFF,HEAT OFF,1,4,3.3,3.3,26.7,5.5,549.6,630.0,22,19,27,0.0,2026-03-24 08:27:04
Time calibration,CHG ON,DSG ON,BALANCE OFF,HEAT OFF,7,6,3.4,3.3,26.8,9.9,555.3,630.0,21,19,21,0.0,2026-03-24 09:13:12
Time calibration,CHG ON,DSG ON,BALANCE OFF,HEAT OFF,7,6,3.4,3.3,26.8,9.9,555.3,630.0,21,19,21,0.0,2026-03-24 09:13:13
Time calibration,CHG ON,DSG ON,BALANCE ON,HEAT OFF,7,0,3.4,3.4,27.0,23.6,578.0,630.0,24,20,28,0.0,2026-03-24 11:10:32
Time calibration,CHG ON,DSG ON,BALANCE ON,HEAT OFF,5,0,3.4,3.4,26.9,24.8,602.2,630.0,25,21,31,0.0,2026-03-24 12:22:32
Time calibration,CHG ON,DSG ON,BALANCE ON,HEAT OFF,7,0,3.5,3.4,27.2,14.4,623.7,630.0,24,21,26,0.0,2026-03-24 14:06:38
Time calibration,CHG ON,DSG ON,BALANCE OFF,HEAT OFF,6,7,3.3,3.3,26.8,1.0,620.3,630.0,25,22,29,0.0,2026-03-24 16:38:34
Time calibration,CHG ON,DSG ON,BALANCE OFF,HEAT OFF,0,0,3.3,3.3,26.7,0.0,601.1,630.0,18,18,18,0.0,2026-03-25 06:07:46
Time calibration,CHG ON,DSG ON,BALANCE OFF,HEAT OFF,0,0,3.3,3.3,26.7,0.0,601.1,630.0,18,18,18,0.0,2026-03-25 06:07:49
Time calibration,CHG ON,DSG ON,BALANCE OFF,HEAT OFF,6,7,3.3,3.3,26.6,-2.4,596.5,630.0,18,18,21,0.0,2026-03-25 06:33:17
Time calibration,CHG ON,DSG ON,BALANCE ON,HEAT OFF,7,6,3.4,3.4,26.9,7.2,602.4,630.0,23,20,30,0.0,2026-03-25 08:51:14
Time calibration,CHG ON,DSG ON,BALANCE ON,HEAT OFF,7,6,3.4,3.4,26.9,7.2,602.4,630.0,23,20,30,0.0,2026-03-25 08:51:15
Time calibration,CHG ON,DSG ON,BALANCE OFF,HEAT OFF,7,6,3.4,3.3,26.8,2.7,606.1,630.0,22,20,31,0.0,2026-03-25 10:51:30
Time calibration,CHG ON,DSG ON,BALANCE OFF,HEAT OFF,7,6,3.4,3.3,26.8,2.7,606.1,630.0,22,20,31,0.0,2026-03-25 10:51:31
Time calibration,CHG ON,DSG ON,BALANCE OFF,HEAT OFF,7,6,3.4,3.3,26.8,2.8,606.1,630.0,22,20,31,0.0,2026-03-25 10:52:30
Time calibration,CHG ON,DSG ON,BALANCE OFF,HEAT OFF,7,6,3.4,3.3,26.8,2.8,606.1,630.0,22,20,31,0.0,2026-03-25 10:52:31
Time calibration,CHG ON,DSG ON,BALANCE OFF,HEAT OFF,0,7,3.3,3.3,26.7,-1.6,606.8,630.0,23,22,26,0.0,2026-03-25 16:18:29
Time calibration,CHG ON,DSG ON,BALANCE OFF,HEAT OFF,6,7,3.3,3.3,26.6,-2.3,596.1,630.0,22,21,24,0.0,2026-03-25 18:01:17
Time calibration,CHG ON,DSG ON,BALANCE OFF,HEAT OFF,6,7,3.3,3.3,26.6,-7.2,544.4,630.0,22,21,28,0.0,2026-03-26 02:16:13
Time calibration,CHG ON,DSG ON,BALANCE OFF,HEAT OFF,6,7,3.3,3.3,26.6,-4.1,522.3,630.0,21,21,27,0.0,2026-03-26 05:09:32
Time calibration,CHG ON,DSG ON,BALANCE OFF,HEAT OFF,7,6,3.4,3.3,26.8,5.8,529.3,630.0,19,18,17,0.0,2026-03-26 09:30:00
Time calibration,CHG ON,DSG ON,BALANCE OFF,HEAT OFF,7,6,3.4,3.3,26.8,5.8,529.3,630.0,19,18,17,0.0,2026-03-26 09:30:03
Time calibration,CHG ON,DSG ON,BALANCE OFF,HEAT OFF,7,6,3.4,3.4,26.8,6.8,537.0,630.0,20,19,22,0.0,2026-03-26 11:50:54
Time calibration,CHG ON,DSG ON,BALANCE OFF,HEAT OFF,7,6,3.4,3.3,26.8,4.6,539.3,630.0,20,19,23,0.0,2026-03-26 12:56:18
Time calibration,CHG ON,DSG ON,BALANCE ON,HEAT OFF,7,6,3.4,3.4,26.9,6.9,541.9,630.0,21,19,23,0.0,2026-03-26 13:18:07
